"num","p5.meas","treatment","temp.avg","temp.var","date.hatch","date.died","date.ovp","num.ovp","suc.ovp","date.3","mass.3","date.4","mass.4","date.5","mass.5","date.p5.1","date.p5.2","date.p5.3","date.cull","mass.cull","inst.6","date.wand","mass.wand","date.em","instar.em","bled.em","mass.48em","date.ecl","num.em","num.coc","num.fail.spin","num.unem","num.ecl","load","mongo","left_out","notes","diss.notes","date.hatch.j","date.died.j","date.ovp.j","date.3.j","date.4.j","date.5.j","date.p5.1.j","date.p5.2.j","date.p5.3.j","date.cull.j","date.wand.j","date.em.j","date.ecl.j","died","died.bf5","tt3","tt4","tt5","ttwand","ttem.h","ttcull","ttem.w","ttecl","ps.em","ps.ecl","ttend","end.class","early_cull","ttp5.1","ttp5.2","ttp5.3","mass","age"
104,"end","para",30,"10","1/24/20",NA,"1/28/20",2,NA,"1/28/20",62.98,"2/1/20",388.82,"2/5/20",1739.22,"2/12/20",NA,NA,"2/16/20",5029.28,NA,NA,NA,NA,NA,NA,NA,NA,0,0,0,0,0,0,NA,NA,"did not shed fully at molt to 5th, removed cuticle from 4th-6th prolegs. almost dead before p5.2, weighed and culled early 2/16/20",NA,24,0,28,28,32,36,43,NA,NA,47,0,0,NA,0,0,4,8,12,NA,NA,23,NA,NA,0,0,23,"cull",1,19,NA,NA,5029.28,23
104,"p5.1","para",30,"10","1/24/20",NA,"1/28/20",2,NA,"1/28/20",62.98,"2/1/20",388.82,"2/5/20",1739.22,"2/12/20",NA,NA,"2/16/20",5029.28,NA,NA,NA,NA,NA,NA,NA,NA,0,0,0,0,0,0,NA,NA,"did not shed fully at molt to 5th, removed cuticle from 4th-6th prolegs. almost dead before p5.2, weighed and culled early 2/16/20",NA,24,0,28,28,32,36,43,NA,NA,47,0,0,NA,0,0,4,8,12,NA,NA,23,NA,NA,0,0,23,"cull",1,19,NA,NA,5357.97,19
104,"p5.2","para",30,"10","1/24/20",NA,"1/28/20",2,NA,"1/28/20",62.98,"2/1/20",388.82,"2/5/20",1739.22,"2/12/20",NA,NA,"2/16/20",5029.28,NA,NA,NA,NA,NA,NA,NA,NA,0,0,0,0,0,0,NA,NA,"did not shed fully at molt to 5th, removed cuticle from 4th-6th prolegs. almost dead before p5.2, weighed and culled early 2/16/20",NA,24,0,28,28,32,36,43,NA,NA,47,0,0,NA,0,0,4,8,12,NA,NA,23,NA,NA,0,0,23,"cull",1,19,NA,NA,NA,NA
104,"p5.3","para",30,"10","1/24/20",NA,"1/28/20",2,NA,"1/28/20",62.98,"2/1/20",388.82,"2/5/20",1739.22,"2/12/20",NA,NA,"2/16/20",5029.28,NA,NA,NA,NA,NA,NA,NA,NA,0,0,0,0,0,0,NA,NA,"did not shed fully at molt to 5th, removed cuticle from 4th-6th prolegs. almost dead before p5.2, weighed and culled early 2/16/20",NA,24,0,28,28,32,36,43,NA,NA,47,0,0,NA,0,0,4,8,12,NA,NA,23,NA,NA,0,0,23,"cull",1,19,NA,NA,NA,NA
108,"end","para",30,"10","1/25/20",NA,"1/29/20",1,NA,"1/29/20",36.92,"2/1/20",174.88,"2/5/20",1186.61,"2/12/20","2/19/20",NA,NA,NA,NA,"2/19/20",10612.72,NA,NA,NA,NA,NA,0,0,0,0,0,0,NA,NA,"did not shed fully at molt to 5th, removed cuticle from 4th-6th prolegs. wandered at p5.2 (2/19/20). Frozen at -80 for future analyses",NA,25,0,29,29,32,36,43,50,NA,0,50,0,NA,0,0,4,7,11,25,NA,NA,NA,NA,0,0,25,"wand",0,18,25,NA,10612.72,25
108,"p5.1","para",30,"10","1/25/20",NA,"1/29/20",1,NA,"1/29/20",36.92,"2/1/20",174.88,"2/5/20",1186.61,"2/12/20","2/19/20",NA,NA,NA,NA,"2/19/20",10612.72,NA,NA,NA,NA,NA,0,0,0,0,0,0,NA,NA,"did not shed fully at molt to 5th, removed cuticle from 4th-6th prolegs. wandered at p5.2 (2/19/20). Frozen at -80 for future analyses",NA,25,0,29,29,32,36,43,50,NA,0,50,0,NA,0,0,4,7,11,25,NA,NA,NA,NA,0,0,25,"wand",0,18,25,NA,10022.96,18
108,"p5.2","para",30,"10","1/25/20",NA,"1/29/20",1,NA,"1/29/20",36.92,"2/1/20",174.88,"2/5/20",1186.61,"2/12/20","2/19/20",NA,NA,NA,NA,"2/19/20",10612.72,NA,NA,NA,NA,NA,0,0,0,0,0,0,NA,NA,"did not shed fully at molt to 5th, removed cuticle from 4th-6th prolegs. wandered at p5.2 (2/19/20). Frozen at -80 for future analyses",NA,25,0,29,29,32,36,43,50,NA,0,50,0,NA,0,0,4,7,11,25,NA,NA,NA,NA,0,0,25,"wand",0,18,25,NA,10612.72,25
108,"p5.3","para",30,"10","1/25/20",NA,"1/29/20",1,NA,"1/29/20",36.92,"2/1/20",174.88,"2/5/20",1186.61,"2/12/20","2/19/20",NA,NA,NA,NA,"2/19/20",10612.72,NA,NA,NA,NA,NA,0,0,0,0,0,0,NA,NA,"did not shed fully at molt to 5th, removed cuticle from 4th-6th prolegs. wandered at p5.2 (2/19/20). Frozen at -80 for future analyses",NA,25,0,29,29,32,36,43,50,NA,0,50,0,NA,0,0,4,7,11,25,NA,NA,NA,NA,0,0,25,"wand",0,18,25,NA,NA,NA
112,"end","para",30,"10","1/25/20",NA,"1/29/20",1,NA,"1/29/20",41.03,"2/2/20",78.91,"2/7/20",692,"2/14/20","2/21/20",NA,"2/25/20",1189.87,NA,NA,NA,NA,NA,NA,NA,NA,0,0,0,0,0,0,NA,NA,"head capsule damaged at ovp. molted to 6th 2/17/20. mass: 1857.85. did not molt well, could not remove cuticle over whole body. . sickly on 2/25/20. culled early",NA,25,0,29,29,33,38,45,52,NA,56,0,0,NA,0,0,4,8,13,NA,NA,31,NA,NA,0,0,31,"cull",1,20,27,NA,1189.87,31
112,"p5.1","para",30,"10","1/25/20",NA,"1/29/20",1,NA,"1/29/20",41.03,"2/2/20",78.91,"2/7/20",692,"2/14/20","2/21/20",NA,"2/25/20",1189.87,NA,NA,NA,NA,NA,NA,NA,NA,0,0,0,0,0,0,NA,NA,"head capsule damaged at ovp. molted to 6th 2/17/20. mass: 1857.85. did not molt well, could not remove cuticle over whole body. . sickly on 2/25/20. culled early",NA,25,0,29,29,33,38,45,52,NA,56,0,0,NA,0,0,4,8,13,NA,NA,31,NA,NA,0,0,31,"cull",1,20,27,NA,2371.31,20
112,"p5.2","para",30,"10","1/25/20",NA,"1/29/20",1,NA,"1/29/20",41.03,"2/2/20",78.91,"2/7/20",692,"2/14/20","2/21/20",NA,"2/25/20",1189.87,NA,NA,NA,NA,NA,NA,NA,NA,0,0,0,0,0,0,NA,NA,"head capsule damaged at ovp. molted to 6th 2/17/20. mass: 1857.85. did not molt well, could not remove cuticle over whole body. . sickly on 2/25/20. culled early",NA,25,0,29,29,33,38,45,52,NA,56,0,0,NA,0,0,4,8,13,NA,NA,31,NA,NA,0,0,31,"cull",1,20,27,NA,1435.3,27
112,"p5.3","para",30,"10","1/25/20",NA,"1/29/20",1,NA,"1/29/20",41.03,"2/2/20",78.91,"2/7/20",692,"2/14/20","2/21/20",NA,"2/25/20",1189.87,NA,NA,NA,NA,NA,NA,NA,NA,0,0,0,0,0,0,NA,NA,"head capsule damaged at ovp. molted to 6th 2/17/20. mass: 1857.85. did not molt well, could not remove cuticle over whole body. . sickly on 2/25/20. culled early",NA,25,0,29,29,33,38,45,52,NA,56,0,0,NA,0,0,4,8,13,NA,NA,31,NA,NA,0,0,31,"cull",1,20,27,NA,NA,NA
12,"end","para",30,"10","1/23/20",NA,"1/27/20",1,NA,"1/27/20",58.18,"1/30/20",274.11,"2/3/20",1576.91,"2/10/20","2/17/20",NA,"2/22/20",8769.46,NA,NA,NA,NA,NA,NA,NA,NA,0,0,0,0,0,0,NA,NA,"did not shed fully at molt to 5th, removed cuticle from all prolegs. close to death 2/22/20, culled early. frozen for dissection",NA,23,0,27,27,30,34,41,48,NA,53,0,0,NA,0,0,4,7,11,NA,NA,30,NA,NA,0,0,30,"cull",1,18,25,NA,8769.46,30
12,"p5.1","para",30,"10","1/23/20",NA,"1/27/20",1,NA,"1/27/20",58.18,"1/30/20",274.11,"2/3/20",1576.91,"2/10/20","2/17/20",NA,"2/22/20",8769.46,NA,NA,NA,NA,NA,NA,NA,NA,0,0,0,0,0,0,NA,NA,"did not shed fully at molt to 5th, removed cuticle from all prolegs. close to death 2/22/20, culled early. frozen for dissection",NA,23,0,27,27,30,34,41,48,NA,53,0,0,NA,0,0,4,7,11,NA,NA,30,NA,NA,0,0,30,"cull",1,18,25,NA,9744.56,18
12,"p5.2","para",30,"10","1/23/20",NA,"1/27/20",1,NA,"1/27/20",58.18,"1/30/20",274.11,"2/3/20",1576.91,"2/10/20","2/17/20",NA,"2/22/20",8769.46,NA,NA,NA,NA,NA,NA,NA,NA,0,0,0,0,0,0,NA,NA,"did not shed fully at molt to 5th, removed cuticle from all prolegs. close to death 2/22/20, culled early. frozen for dissection",NA,23,0,27,27,30,34,41,48,NA,53,0,0,NA,0,0,4,7,11,NA,NA,30,NA,NA,0,0,30,"cull",1,18,25,NA,10466.31,25
12,"p5.3","para",30,"10","1/23/20",NA,"1/27/20",1,NA,"1/27/20",58.18,"1/30/20",274.11,"2/3/20",1576.91,"2/10/20","2/17/20",NA,"2/22/20",8769.46,NA,NA,NA,NA,NA,NA,NA,NA,0,0,0,0,0,0,NA,NA,"did not shed fully at molt to 5th, removed cuticle from all prolegs. close to death 2/22/20, culled early. frozen for dissection",NA,23,0,27,27,30,34,41,48,NA,53,0,0,NA,0,0,4,7,11,NA,NA,30,NA,NA,0,0,30,"cull",1,18,25,NA,NA,NA
120,"end","para",30,"10","1/25/20",NA,"1/29/20",2,NA,"1/29/20",58.75,"2/1/20",192.06,"2/5/20",1276.23,"2/12/20",NA,NA,"2/16/20",2135.25,NA,NA,NA,NA,NA,NA,NA,NA,0,0,0,0,0,0,NA,NA,"close to death before p5.2, culled and weighed 2/16/20. frozen for dissection",NA,25,0,29,29,32,36,43,NA,NA,47,0,0,NA,0,0,4,7,11,NA,NA,22,NA,NA,0,0,22,"cull",0,18,NA,NA,2135.25,22
120,"p5.1","para",30,"10","1/25/20",NA,"1/29/20",2,NA,"1/29/20",58.75,"2/1/20",192.06,"2/5/20",1276.23,"2/12/20",NA,NA,"2/16/20",2135.25,NA,NA,NA,NA,NA,NA,NA,NA,0,0,0,0,0,0,NA,NA,"close to death before p5.2, culled and weighed 2/16/20. frozen for dissection",NA,25,0,29,29,32,36,43,NA,NA,47,0,0,NA,0,0,4,7,11,NA,NA,22,NA,NA,0,0,22,"cull",0,18,NA,NA,2643.41,18
120,"p5.2","para",30,"10","1/25/20",NA,"1/29/20",2,NA,"1/29/20",58.75,"2/1/20",192.06,"2/5/20",1276.23,"2/12/20",NA,NA,"2/16/20",2135.25,NA,NA,NA,NA,NA,NA,NA,NA,0,0,0,0,0,0,NA,NA,"close to death before p5.2, culled and weighed 2/16/20. frozen for dissection",NA,25,0,29,29,32,36,43,NA,NA,47,0,0,NA,0,0,4,7,11,NA,NA,22,NA,NA,0,0,22,"cull",0,18,NA,NA,NA,NA
120,"p5.3","para",30,"10","1/25/20",NA,"1/29/20",2,NA,"1/29/20",58.75,"2/1/20",192.06,"2/5/20",1276.23,"2/12/20",NA,NA,"2/16/20",2135.25,NA,NA,NA,NA,NA,NA,NA,NA,0,0,0,0,0,0,NA,NA,"close to death before p5.2, culled and weighed 2/16/20. frozen for dissection",NA,25,0,29,29,32,36,43,NA,NA,47,0,0,NA,0,0,4,7,11,NA,NA,22,NA,NA,0,0,22,"cull",0,18,NA,NA,NA,NA
124,"end","para",30,"10","1/25/20",NA,"1/29/20",1,NA,"1/29/20",53.55,"2/2/20",197.38,"2/7/20",1468.38,"2/14/20",NA,NA,NA,NA,NA,"2/19/20",8701.61,NA,NA,NA,NA,NA,0,0,0,0,0,0,NA,NA,"did not shed fully at molt to 5th, cuticle removed from 4th-6th prolegs 3 days after molt to 5th (2/10/20). wandered 2/19/20. Put in pupe box to see if it pupates. pupated 2/24/20, but did not pupate well and did not fully shed larval cuticle (not really larval pupal intermediate). Took pictures. Kept to see if it ecloses",NA,25,0,29,29,33,38,45,NA,NA,0,50,0,NA,0,0,4,8,13,25,NA,NA,NA,NA,0,0,25,"wand",0,20,NA,NA,8701.61,25
124,"p5.1","para",30,"10","1/25/20",NA,"1/29/20",1,NA,"1/29/20",53.55,"2/2/20",197.38,"2/7/20",1468.38,"2/14/20",NA,NA,NA,NA,NA,"2/19/20",8701.61,NA,NA,NA,NA,NA,0,0,0,0,0,0,NA,NA,"did not shed fully at molt to 5th, cuticle removed from 4th-6th prolegs 3 days after molt to 5th (2/10/20). wandered 2/19/20. Put in pupe box to see if it pupates. pupated 2/24/20, but did not pupate well and did not fully shed larval cuticle (not really larval pupal intermediate). Took pictures. Kept to see if it ecloses",NA,25,0,29,29,33,38,45,NA,NA,0,50,0,NA,0,0,4,8,13,25,NA,NA,NA,NA,0,0,25,"wand",0,20,NA,NA,8737.58,20
124,"p5.2","para",30,"10","1/25/20",NA,"1/29/20",1,NA,"1/29/20",53.55,"2/2/20",197.38,"2/7/20",1468.38,"2/14/20",NA,NA,NA,NA,NA,"2/19/20",8701.61,NA,NA,NA,NA,NA,0,0,0,0,0,0,NA,NA,"did not shed fully at molt to 5th, cuticle removed from 4th-6th prolegs 3 days after molt to 5th (2/10/20). wandered 2/19/20. Put in pupe box to see if it pupates. pupated 2/24/20, but did not pupate well and did not fully shed larval cuticle (not really larval pupal intermediate). Took pictures. Kept to see if it ecloses",NA,25,0,29,29,33,38,45,NA,NA,0,50,0,NA,0,0,4,8,13,25,NA,NA,NA,NA,0,0,25,"wand",0,20,NA,NA,NA,NA
124,"p5.3","para",30,"10","1/25/20",NA,"1/29/20",1,NA,"1/29/20",53.55,"2/2/20",197.38,"2/7/20",1468.38,"2/14/20",NA,NA,NA,NA,NA,"2/19/20",8701.61,NA,NA,NA,NA,NA,0,0,0,0,0,0,NA,NA,"did not shed fully at molt to 5th, cuticle removed from 4th-6th prolegs 3 days after molt to 5th (2/10/20). wandered 2/19/20. Put in pupe box to see if it pupates. pupated 2/24/20, but did not pupate well and did not fully shed larval cuticle (not really larval pupal intermediate). Took pictures. Kept to see if it ecloses",NA,25,0,29,29,33,38,45,NA,NA,0,50,0,NA,0,0,4,8,13,25,NA,NA,NA,NA,0,0,25,"wand",0,20,NA,NA,NA,NA
128,"end","para",30,"10","1/25/20",NA,"1/29/20",1,NA,"1/29/20",50.52,"2/2/20",255.03,"2/6/20",1155.49,"2/13/20","2/20/20",NA,NA,NA,NA,"2/26/20",9311.78,NA,NA,NA,NA,NA,0,0,0,0,0,0,NA,NA,"did not shed fully at molt to 5th, removed cuticle from 4th-6th prolegs. wandered 2/26/20, frozen for Katherine to test",NA,25,0,29,29,33,37,44,51,NA,0,57,0,NA,0,0,4,8,12,32,NA,NA,NA,NA,0,0,32,"wand",0,19,26,NA,9311.78,32
128,"p5.1","para",30,"10","1/25/20",NA,"1/29/20",1,NA,"1/29/20",50.52,"2/2/20",255.03,"2/6/20",1155.49,"2/13/20","2/20/20",NA,NA,NA,NA,"2/26/20",9311.78,NA,NA,NA,NA,NA,0,0,0,0,0,0,NA,NA,"did not shed fully at molt to 5th, removed cuticle from 4th-6th prolegs. wandered 2/26/20, frozen for Katherine to test",NA,25,0,29,29,33,37,44,51,NA,0,57,0,NA,0,0,4,8,12,32,NA,NA,NA,NA,0,0,32,"wand",0,19,26,NA,9158.74,19
128,"p5.2","para",30,"10","1/25/20",NA,"1/29/20",1,NA,"1/29/20",50.52,"2/2/20",255.03,"2/6/20",1155.49,"2/13/20","2/20/20",NA,NA,NA,NA,"2/26/20",9311.78,NA,NA,NA,NA,NA,0,0,0,0,0,0,NA,NA,"did not shed fully at molt to 5th, removed cuticle from 4th-6th prolegs. wandered 2/26/20, frozen for Katherine to test",NA,25,0,29,29,33,37,44,51,NA,0,57,0,NA,0,0,4,8,12,32,NA,NA,NA,NA,0,0,32,"wand",0,19,26,NA,10608.32,26
128,"p5.3","para",30,"10","1/25/20",NA,"1/29/20",1,NA,"1/29/20",50.52,"2/2/20",255.03,"2/6/20",1155.49,"2/13/20","2/20/20",NA,NA,NA,NA,"2/26/20",9311.78,NA,NA,NA,NA,NA,0,0,0,0,0,0,NA,NA,"did not shed fully at molt to 5th, removed cuticle from 4th-6th prolegs. wandered 2/26/20, frozen for Katherine to test",NA,25,0,29,29,33,37,44,51,NA,0,57,0,NA,0,0,4,8,12,32,NA,NA,NA,NA,0,0,32,"wand",0,19,26,NA,NA,NA
132,"end","para",30,"10","1/25/20",NA,"1/29/20",1,NA,"1/29/20",34.56,"2/2/20",94.87,"2/6/20",647.97,"2/13/20","2/20/20","2/27/20","2/27/20",15803.33,NA,NA,NA,NA,NA,NA,NA,NA,0,0,0,0,0,0,NA,NA,"did not shed fully at molt to 5th, removed cuticle from 4th-6th prolegs. molted to 6th 2/12/20. Mass: 3100.97. did not shed fully at molt to 6th. removed cuticle from 4th-6th prolegs after molt to 6th",NA,25,0,29,29,33,37,44,51,58,58,0,0,NA,0,0,4,8,12,NA,NA,33,NA,NA,0,0,33,"cull",0,19,26,33,15803.33,33
132,"p5.1","para",30,"10","1/25/20",NA,"1/29/20",1,NA,"1/29/20",34.56,"2/2/20",94.87,"2/6/20",647.97,"2/13/20","2/20/20","2/27/20","2/27/20",15803.33,NA,NA,NA,NA,NA,NA,NA,NA,0,0,0,0,0,0,NA,NA,"did not shed fully at molt to 5th, removed cuticle from 4th-6th prolegs. molted to 6th 2/12/20. Mass: 3100.97. did not shed fully at molt to 6th. removed cuticle from 4th-6th prolegs after molt to 6th",NA,25,0,29,29,33,37,44,51,58,58,0,0,NA,0,0,4,8,12,NA,NA,33,NA,NA,0,0,33,"cull",0,19,26,33,5091.14,19
132,"p5.2","para",30,"10","1/25/20",NA,"1/29/20",1,NA,"1/29/20",34.56,"2/2/20",94.87,"2/6/20",647.97,"2/13/20","2/20/20","2/27/20","2/27/20",15803.33,NA,NA,NA,NA,NA,NA,NA,NA,0,0,0,0,0,0,NA,NA,"did not shed fully at molt to 5th, removed cuticle from 4th-6th prolegs. molted to 6th 2/12/20. Mass: 3100.97. did not shed fully at molt to 6th. removed cuticle from 4th-6th prolegs after molt to 6th",NA,25,0,29,29,33,37,44,51,58,58,0,0,NA,0,0,4,8,12,NA,NA,33,NA,NA,0,0,33,"cull",0,19,26,33,14848.53,26
132,"p5.3","para",30,"10","1/25/20",NA,"1/29/20",1,NA,"1/29/20",34.56,"2/2/20",94.87,"2/6/20",647.97,"2/13/20","2/20/20","2/27/20","2/27/20",15803.33,NA,NA,NA,NA,NA,NA,NA,NA,0,0,0,0,0,0,NA,NA,"did not shed fully at molt to 5th, removed cuticle from 4th-6th prolegs. molted to 6th 2/12/20. Mass: 3100.97. did not shed fully at molt to 6th. removed cuticle from 4th-6th prolegs after molt to 6th",NA,25,0,29,29,33,37,44,51,58,58,0,0,NA,0,0,4,8,12,NA,NA,33,NA,NA,0,0,33,"cull",0,19,26,33,15803.33,33
136,"end","para",30,"10","1/25/20",NA,"1/29/20",1,NA,"1/29/20",66.07,"2/1/20",167.21,"2/5/20",1026.58,"2/12/20",NA,NA,"2/15/20",4011.74,NA,NA,NA,NA,NA,NA,NA,NA,0,0,0,0,0,0,NA,NA,"did not shed fully at molt to 5th, removed cuticle from all prolegs. close to death 2/15/20 so culled early",NA,25,0,29,29,32,36,43,NA,NA,46,0,0,NA,0,0,4,7,11,NA,NA,21,NA,NA,0,0,21,"cull",1,18,NA,NA,4011.74,21
136,"p5.1","para",30,"10","1/25/20",NA,"1/29/20",1,NA,"1/29/20",66.07,"2/1/20",167.21,"2/5/20",1026.58,"2/12/20",NA,NA,"2/15/20",4011.74,NA,NA,NA,NA,NA,NA,NA,NA,0,0,0,0,0,0,NA,NA,"did not shed fully at molt to 5th, removed cuticle from all prolegs. close to death 2/15/20 so culled early",NA,25,0,29,29,32,36,43,NA,NA,46,0,0,NA,0,0,4,7,11,NA,NA,21,NA,NA,0,0,21,"cull",1,18,NA,NA,4279.83,18
136,"p5.2","para",30,"10","1/25/20",NA,"1/29/20",1,NA,"1/29/20",66.07,"2/1/20",167.21,"2/5/20",1026.58,"2/12/20",NA,NA,"2/15/20",4011.74,NA,NA,NA,NA,NA,NA,NA,NA,0,0,0,0,0,0,NA,NA,"did not shed fully at molt to 5th, removed cuticle from all prolegs. close to death 2/15/20 so culled early",NA,25,0,29,29,32,36,43,NA,NA,46,0,0,NA,0,0,4,7,11,NA,NA,21,NA,NA,0,0,21,"cull",1,18,NA,NA,NA,NA
136,"p5.3","para",30,"10","1/25/20",NA,"1/29/20",1,NA,"1/29/20",66.07,"2/1/20",167.21,"2/5/20",1026.58,"2/12/20",NA,NA,"2/15/20",4011.74,NA,NA,NA,NA,NA,NA,NA,NA,0,0,0,0,0,0,NA,NA,"did not shed fully at molt to 5th, removed cuticle from all prolegs. close to death 2/15/20 so culled early",NA,25,0,29,29,32,36,43,NA,NA,46,0,0,NA,0,0,4,7,11,NA,NA,21,NA,NA,0,0,21,"cull",1,18,NA,NA,NA,NA
140,"end","para",30,"10","1/26/20",NA,"1/29/20",2,NA,"1/29/20",52.73,"2/2/20",170.33,"2/6/20",1016.5,"2/13/20","2/20/20","2/27/20","2/27/20",8201.68,NA,NA,NA,NA,NA,NA,NA,NA,0,0,0,0,0,0,NA,NA,"did not shed fully at molt to 5th, removed cuticle from all prolegs",NA,26,0,29,29,33,37,44,51,58,58,0,0,NA,0,0,3,7,11,NA,NA,32,NA,NA,0,0,32,"cull",0,18,25,32,8201.68,32
140,"p5.1","para",30,"10","1/26/20",NA,"1/29/20",2,NA,"1/29/20",52.73,"2/2/20",170.33,"2/6/20",1016.5,"2/13/20","2/20/20","2/27/20","2/27/20",8201.68,NA,NA,NA,NA,NA,NA,NA,NA,0,0,0,0,0,0,NA,NA,"did not shed fully at molt to 5th, removed cuticle from all prolegs",NA,26,0,29,29,33,37,44,51,58,58,0,0,NA,0,0,3,7,11,NA,NA,32,NA,NA,0,0,32,"cull",0,18,25,32,5985.67,18
140,"p5.2","para",30,"10","1/26/20",NA,"1/29/20",2,NA,"1/29/20",52.73,"2/2/20",170.33,"2/6/20",1016.5,"2/13/20","2/20/20","2/27/20","2/27/20",8201.68,NA,NA,NA,NA,NA,NA,NA,NA,0,0,0,0,0,0,NA,NA,"did not shed fully at molt to 5th, removed cuticle from all prolegs",NA,26,0,29,29,33,37,44,51,58,58,0,0,NA,0,0,3,7,11,NA,NA,32,NA,NA,0,0,32,"cull",0,18,25,32,7963.78,25
140,"p5.3","para",30,"10","1/26/20",NA,"1/29/20",2,NA,"1/29/20",52.73,"2/2/20",170.33,"2/6/20",1016.5,"2/13/20","2/20/20","2/27/20","2/27/20",8201.68,NA,NA,NA,NA,NA,NA,NA,NA,0,0,0,0,0,0,NA,NA,"did not shed fully at molt to 5th, removed cuticle from all prolegs",NA,26,0,29,29,33,37,44,51,58,58,0,0,NA,0,0,3,7,11,NA,NA,32,NA,NA,0,0,32,"cull",0,18,25,32,8201.68,32
156,"end","para",30,"10","1/26/20",NA,"1/29/20",1,NA,"1/29/20",52.17,"2/2/20",232.91,"2/10/20",1016.27,"2/17/20",NA,NA,"2/17/20",1102.21,NA,NA,NA,NA,NA,NA,NA,NA,0,0,0,0,0,0,NA,NA,"did not molt well to 5th, bled. removed cuticle from 4th-6th prolegs at molt to 5th. close to death on p5.1, so culled. frozen for dissection",NA,26,0,29,29,33,41,48,NA,NA,48,0,0,NA,0,0,3,7,15,NA,NA,22,NA,NA,0,0,22,"cull",0,22,NA,NA,1102.21,22
156,"p5.1","para",30,"10","1/26/20",NA,"1/29/20",1,NA,"1/29/20",52.17,"2/2/20",232.91,"2/10/20",1016.27,"2/17/20",NA,NA,"2/17/20",1102.21,NA,NA,NA,NA,NA,NA,NA,NA,0,0,0,0,0,0,NA,NA,"did not molt well to 5th, bled. removed cuticle from 4th-6th prolegs at molt to 5th. close to death on p5.1, so culled. frozen for dissection",NA,26,0,29,29,33,41,48,NA,NA,48,0,0,NA,0,0,3,7,15,NA,NA,22,NA,NA,0,0,22,"cull",0,22,NA,NA,1102.21,22
156,"p5.2","para",30,"10","1/26/20",NA,"1/29/20",1,NA,"1/29/20",52.17,"2/2/20",232.91,"2/10/20",1016.27,"2/17/20",NA,NA,"2/17/20",1102.21,NA,NA,NA,NA,NA,NA,NA,NA,0,0,0,0,0,0,NA,NA,"did not molt well to 5th, bled. removed cuticle from 4th-6th prolegs at molt to 5th. close to death on p5.1, so culled. frozen for dissection",NA,26,0,29,29,33,41,48,NA,NA,48,0,0,NA,0,0,3,7,15,NA,NA,22,NA,NA,0,0,22,"cull",0,22,NA,NA,NA,NA
156,"p5.3","para",30,"10","1/26/20",NA,"1/29/20",1,NA,"1/29/20",52.17,"2/2/20",232.91,"2/10/20",1016.27,"2/17/20",NA,NA,"2/17/20",1102.21,NA,NA,NA,NA,NA,NA,NA,NA,0,0,0,0,0,0,NA,NA,"did not molt well to 5th, bled. removed cuticle from 4th-6th prolegs at molt to 5th. close to death on p5.1, so culled. frozen for dissection",NA,26,0,29,29,33,41,48,NA,NA,48,0,0,NA,0,0,3,7,15,NA,NA,22,NA,NA,0,0,22,"cull",0,22,NA,NA,NA,NA
167,"end","para",30,"10","1/26/20",NA,"1/29/20",1,NA,"1/29/20",41.12,"2/4/20",353.07,"2/7/20",918.62,"2/14/20","2/21/20","2/28/20","2/28/20",18904.43,NA,NA,NA,NA,NA,NA,NA,NA,0,0,0,0,0,0,NA,NA,"ovp and put in chamber around 12pm. did not shed fully at molt to 5th, cuticle removed from 4th-6th prolegs 3 days after molt to 5th (2/10/20). molted to 6th on date_p5.1. did not shed fully at molt to 6th, removed cuticle from 4th-6th prolegs",NA,26,0,29,29,35,38,45,52,59,59,0,0,NA,0,0,3,9,12,NA,NA,33,NA,NA,0,0,33,"cull",0,19,26,33,18904.43,33
167,"p5.1","para",30,"10","1/26/20",NA,"1/29/20",1,NA,"1/29/20",41.12,"2/4/20",353.07,"2/7/20",918.62,"2/14/20","2/21/20","2/28/20","2/28/20",18904.43,NA,NA,NA,NA,NA,NA,NA,NA,0,0,0,0,0,0,NA,NA,"ovp and put in chamber around 12pm. did not shed fully at molt to 5th, cuticle removed from 4th-6th prolegs 3 days after molt to 5th (2/10/20). molted to 6th on date_p5.1. did not shed fully at molt to 6th, removed cuticle from 4th-6th prolegs",NA,26,0,29,29,35,38,45,52,59,59,0,0,NA,0,0,3,9,12,NA,NA,33,NA,NA,0,0,33,"cull",0,19,26,33,4721.27,19
167,"p5.2","para",30,"10","1/26/20",NA,"1/29/20",1,NA,"1/29/20",41.12,"2/4/20",353.07,"2/7/20",918.62,"2/14/20","2/21/20","2/28/20","2/28/20",18904.43,NA,NA,NA,NA,NA,NA,NA,NA,0,0,0,0,0,0,NA,NA,"ovp and put in chamber around 12pm. did not shed fully at molt to 5th, cuticle removed from 4th-6th prolegs 3 days after molt to 5th (2/10/20). molted to 6th on date_p5.1. did not shed fully at molt to 6th, removed cuticle from 4th-6th prolegs",NA,26,0,29,29,35,38,45,52,59,59,0,0,NA,0,0,3,9,12,NA,NA,33,NA,NA,0,0,33,"cull",0,19,26,33,15107.31,26
167,"p5.3","para",30,"10","1/26/20",NA,"1/29/20",1,NA,"1/29/20",41.12,"2/4/20",353.07,"2/7/20",918.62,"2/14/20","2/21/20","2/28/20","2/28/20",18904.43,NA,NA,NA,NA,NA,NA,NA,NA,0,0,0,0,0,0,NA,NA,"ovp and put in chamber around 12pm. did not shed fully at molt to 5th, cuticle removed from 4th-6th prolegs 3 days after molt to 5th (2/10/20). molted to 6th on date_p5.1. did not shed fully at molt to 6th, removed cuticle from 4th-6th prolegs",NA,26,0,29,29,35,38,45,52,59,59,0,0,NA,0,0,3,9,12,NA,NA,33,NA,NA,0,0,33,"cull",0,19,26,33,18904.43,33
171,"end","para",30,"10","1/26/20",NA,"1/29/20",1,NA,"1/29/20",39.59,"2/1/20",110.02,"2/5/20",428.36,"2/12/20","2/19/20","2/26/20","2/26/20",9560.21,NA,NA,NA,NA,NA,NA,NA,NA,0,0,0,0,0,0,NA,NA,"ovp and put in chamber around 12pmdid not shed fully at molt to 5th, removed cuticle from all prolegs. molted to 6th 2/12/20. Mass: 1809.51. did not shed fully at molt to 6th, removed cuticle from 4th-6th prolegs",NA,26,0,29,29,32,36,43,50,57,57,0,0,NA,0,0,3,6,10,NA,NA,31,NA,NA,0,0,31,"cull",0,17,24,31,9560.21,31
171,"p5.1","para",30,"10","1/26/20",NA,"1/29/20",1,NA,"1/29/20",39.59,"2/1/20",110.02,"2/5/20",428.36,"2/12/20","2/19/20","2/26/20","2/26/20",9560.21,NA,NA,NA,NA,NA,NA,NA,NA,0,0,0,0,0,0,NA,NA,"ovp and put in chamber around 12pmdid not shed fully at molt to 5th, removed cuticle from all prolegs. molted to 6th 2/12/20. Mass: 1809.51. did not shed fully at molt to 6th, removed cuticle from 4th-6th prolegs",NA,26,0,29,29,32,36,43,50,57,57,0,0,NA,0,0,3,6,10,NA,NA,31,NA,NA,0,0,31,"cull",0,17,24,31,1809.51,17
171,"p5.2","para",30,"10","1/26/20",NA,"1/29/20",1,NA,"1/29/20",39.59,"2/1/20",110.02,"2/5/20",428.36,"2/12/20","2/19/20","2/26/20","2/26/20",9560.21,NA,NA,NA,NA,NA,NA,NA,NA,0,0,0,0,0,0,NA,NA,"ovp and put in chamber around 12pmdid not shed fully at molt to 5th, removed cuticle from all prolegs. molted to 6th 2/12/20. Mass: 1809.51. did not shed fully at molt to 6th, removed cuticle from 4th-6th prolegs",NA,26,0,29,29,32,36,43,50,57,57,0,0,NA,0,0,3,6,10,NA,NA,31,NA,NA,0,0,31,"cull",0,17,24,31,7342.94,24
171,"p5.3","para",30,"10","1/26/20",NA,"1/29/20",1,NA,"1/29/20",39.59,"2/1/20",110.02,"2/5/20",428.36,"2/12/20","2/19/20","2/26/20","2/26/20",9560.21,NA,NA,NA,NA,NA,NA,NA,NA,0,0,0,0,0,0,NA,NA,"ovp and put in chamber around 12pmdid not shed fully at molt to 5th, removed cuticle from all prolegs. molted to 6th 2/12/20. Mass: 1809.51. did not shed fully at molt to 6th, removed cuticle from 4th-6th prolegs",NA,26,0,29,29,32,36,43,50,57,57,0,0,NA,0,0,3,6,10,NA,NA,31,NA,NA,0,0,31,"cull",0,17,24,31,9560.21,31
175,"end","para",30,"10","1/26/20",NA,"1/29/20",1,NA,"1/29/20",47.06,"2/2/20",216.34,"2/6/20",1309.16,"2/13/20","2/20/20",NA,NA,NA,NA,"2/20/20",7211.92,NA,NA,NA,NA,NA,0,0,0,0,0,0,NA,NA,"ovp and put in chamber around 12pm. did not shed fully at molt to 5th, removed cuticle from 4th-6th prolegs. wandered on date p5.2. put in pupae box to see if it pupates. failed to pupate properly, larval pupal intermediate",NA,26,0,29,29,33,37,44,51,NA,0,51,0,NA,0,0,3,7,11,25,NA,NA,NA,NA,0,0,25,"wand",0,18,25,NA,7211.92,25
175,"p5.1","para",30,"10","1/26/20",NA,"1/29/20",1,NA,"1/29/20",47.06,"2/2/20",216.34,"2/6/20",1309.16,"2/13/20","2/20/20",NA,NA,NA,NA,"2/20/20",7211.92,NA,NA,NA,NA,NA,0,0,0,0,0,0,NA,NA,"ovp and put in chamber around 12pm. did not shed fully at molt to 5th, removed cuticle from 4th-6th prolegs. wandered on date p5.2. put in pupae box to see if it pupates. failed to pupate properly, larval pupal intermediate",NA,26,0,29,29,33,37,44,51,NA,0,51,0,NA,0,0,3,7,11,25,NA,NA,NA,NA,0,0,25,"wand",0,18,25,NA,8968.37,18
175,"p5.2","para",30,"10","1/26/20",NA,"1/29/20",1,NA,"1/29/20",47.06,"2/2/20",216.34,"2/6/20",1309.16,"2/13/20","2/20/20",NA,NA,NA,NA,"2/20/20",7211.92,NA,NA,NA,NA,NA,0,0,0,0,0,0,NA,NA,"ovp and put in chamber around 12pm. did not shed fully at molt to 5th, removed cuticle from 4th-6th prolegs. wandered on date p5.2. put in pupae box to see if it pupates. failed to pupate properly, larval pupal intermediate",NA,26,0,29,29,33,37,44,51,NA,0,51,0,NA,0,0,3,7,11,25,NA,NA,NA,NA,0,0,25,"wand",0,18,25,NA,7211.92,25
175,"p5.3","para",30,"10","1/26/20",NA,"1/29/20",1,NA,"1/29/20",47.06,"2/2/20",216.34,"2/6/20",1309.16,"2/13/20","2/20/20",NA,NA,NA,NA,"2/20/20",7211.92,NA,NA,NA,NA,NA,0,0,0,0,0,0,NA,NA,"ovp and put in chamber around 12pm. did not shed fully at molt to 5th, removed cuticle from 4th-6th prolegs. wandered on date p5.2. put in pupae box to see if it pupates. failed to pupate properly, larval pupal intermediate",NA,26,0,29,29,33,37,44,51,NA,0,51,0,NA,0,0,3,7,11,25,NA,NA,NA,NA,0,0,25,"wand",0,18,25,NA,NA,NA
179,"end","para",30,"10","1/26/20",NA,"1/29/20",1,NA,"1/29/20",42.23,"2/1/20",163.3,"2/5/20",832.76,"2/12/20","2/19/20",NA,"2/20/20",2787.28,NA,NA,NA,NA,NA,NA,NA,NA,0,0,0,0,0,0,NA,NA,"ovp and put in chamber around 12pm. close to death on 2/20/20, culled early. frozen for dissection",NA,26,0,29,29,32,36,43,50,NA,51,0,0,NA,0,0,3,6,10,NA,NA,25,NA,NA,0,0,25,"cull",1,17,24,NA,2787.28,25
179,"p5.1","para",30,"10","1/26/20",NA,"1/29/20",1,NA,"1/29/20",42.23,"2/1/20",163.3,"2/5/20",832.76,"2/12/20","2/19/20",NA,"2/20/20",2787.28,NA,NA,NA,NA,NA,NA,NA,NA,0,0,0,0,0,0,NA,NA,"ovp and put in chamber around 12pm. close to death on 2/20/20, culled early. frozen for dissection",NA,26,0,29,29,32,36,43,50,NA,51,0,0,NA,0,0,3,6,10,NA,NA,25,NA,NA,0,0,25,"cull",1,17,24,NA,3371.42,17
179,"p5.2","para",30,"10","1/26/20",NA,"1/29/20",1,NA,"1/29/20",42.23,"2/1/20",163.3,"2/5/20",832.76,"2/12/20","2/19/20",NA,"2/20/20",2787.28,NA,NA,NA,NA,NA,NA,NA,NA,0,0,0,0,0,0,NA,NA,"ovp and put in chamber around 12pm. close to death on 2/20/20, culled early. frozen for dissection",NA,26,0,29,29,32,36,43,50,NA,51,0,0,NA,0,0,3,6,10,NA,NA,25,NA,NA,0,0,25,"cull",1,17,24,NA,2991.32,24
179,"p5.3","para",30,"10","1/26/20",NA,"1/29/20",1,NA,"1/29/20",42.23,"2/1/20",163.3,"2/5/20",832.76,"2/12/20","2/19/20",NA,"2/20/20",2787.28,NA,NA,NA,NA,NA,NA,NA,NA,0,0,0,0,0,0,NA,NA,"ovp and put in chamber around 12pm. close to death on 2/20/20, culled early. frozen for dissection",NA,26,0,29,29,32,36,43,50,NA,51,0,0,NA,0,0,3,6,10,NA,NA,25,NA,NA,0,0,25,"cull",1,17,24,NA,NA,NA
180,"end","para",30,"10","1/26/20",NA,"1/29/20",1,NA,"1/29/20",43.31,"2/2/20",280.64,"2/7/20",2046.94,"2/14/20","2/21/20",NA,NA,NA,NA,"2/22/20",9656.83,NA,NA,NA,NA,NA,0,0,0,0,0,0,NA,NA,"ovp and put in chamber around 12pm. wandered 2/22/20. massed and frozen for testing. looked like some anal prolapse happening",NA,26,0,29,29,33,38,45,52,NA,0,53,0,NA,0,0,3,7,12,27,NA,NA,NA,NA,0,0,27,"wand",0,19,26,NA,9656.83,27
180,"p5.1","para",30,"10","1/26/20",NA,"1/29/20",1,NA,"1/29/20",43.31,"2/2/20",280.64,"2/7/20",2046.94,"2/14/20","2/21/20",NA,NA,NA,NA,"2/22/20",9656.83,NA,NA,NA,NA,NA,0,0,0,0,0,0,NA,NA,"ovp and put in chamber around 12pm. wandered 2/22/20. massed and frozen for testing. looked like some anal prolapse happening",NA,26,0,29,29,33,38,45,52,NA,0,53,0,NA,0,0,3,7,12,27,NA,NA,NA,NA,0,0,27,"wand",0,19,26,NA,12957.27,19
180,"p5.2","para",30,"10","1/26/20",NA,"1/29/20",1,NA,"1/29/20",43.31,"2/2/20",280.64,"2/7/20",2046.94,"2/14/20","2/21/20",NA,NA,NA,NA,"2/22/20",9656.83,NA,NA,NA,NA,NA,0,0,0,0,0,0,NA,NA,"ovp and put in chamber around 12pm. wandered 2/22/20. massed and frozen for testing. looked like some anal prolapse happening",NA,26,0,29,29,33,38,45,52,NA,0,53,0,NA,0,0,3,7,12,27,NA,NA,NA,NA,0,0,27,"wand",0,19,26,NA,9982.47,26
180,"p5.3","para",30,"10","1/26/20",NA,"1/29/20",1,NA,"1/29/20",43.31,"2/2/20",280.64,"2/7/20",2046.94,"2/14/20","2/21/20",NA,NA,NA,NA,"2/22/20",9656.83,NA,NA,NA,NA,NA,0,0,0,0,0,0,NA,NA,"ovp and put in chamber around 12pm. wandered 2/22/20. massed and frozen for testing. looked like some anal prolapse happening",NA,26,0,29,29,33,38,45,52,NA,0,53,0,NA,0,0,3,7,12,27,NA,NA,NA,NA,0,0,27,"wand",0,19,26,NA,NA,NA
188,"end","para",30,"10","1/26/20",NA,"1/29/20",1,NA,"1/29/20",46.21,"2/2/20",112.87,"2/8/20",1222.3,"2/15/20","2/22/20",NA,NA,NA,NA,"2/28/20",7046.84,NA,NA,NA,NA,NA,0,0,0,0,0,0,NA,NA,"ovp and put in chamber around 12pm. wandered 2/28/20. put in pupae box to see if it pupates",NA,26,0,29,29,33,39,46,53,NA,0,59,0,NA,0,0,3,7,13,33,NA,NA,NA,NA,0,0,33,"wand",0,20,27,NA,7046.84,33
188,"p5.1","para",30,"10","1/26/20",NA,"1/29/20",1,NA,"1/29/20",46.21,"2/2/20",112.87,"2/8/20",1222.3,"2/15/20","2/22/20",NA,NA,NA,NA,"2/28/20",7046.84,NA,NA,NA,NA,NA,0,0,0,0,0,0,NA,NA,"ovp and put in chamber around 12pm. wandered 2/28/20. put in pupae box to see if it pupates",NA,26,0,29,29,33,39,46,53,NA,0,59,0,NA,0,0,3,7,13,33,NA,NA,NA,NA,0,0,33,"wand",0,20,27,NA,8340.89,20
188,"p5.2","para",30,"10","1/26/20",NA,"1/29/20",1,NA,"1/29/20",46.21,"2/2/20",112.87,"2/8/20",1222.3,"2/15/20","2/22/20",NA,NA,NA,NA,"2/28/20",7046.84,NA,NA,NA,NA,NA,0,0,0,0,0,0,NA,NA,"ovp and put in chamber around 12pm. wandered 2/28/20. put in pupae box to see if it pupates",NA,26,0,29,29,33,39,46,53,NA,0,59,0,NA,0,0,3,7,13,33,NA,NA,NA,NA,0,0,33,"wand",0,20,27,NA,9214.97,27
188,"p5.3","para",30,"10","1/26/20",NA,"1/29/20",1,NA,"1/29/20",46.21,"2/2/20",112.87,"2/8/20",1222.3,"2/15/20","2/22/20",NA,NA,NA,NA,"2/28/20",7046.84,NA,NA,NA,NA,NA,0,0,0,0,0,0,NA,NA,"ovp and put in chamber around 12pm. wandered 2/28/20. put in pupae box to see if it pupates",NA,26,0,29,29,33,39,46,53,NA,0,59,0,NA,0,0,3,7,13,33,NA,NA,NA,NA,0,0,33,"wand",0,20,27,NA,NA,NA
24,"end","para",30,"10","1/24/20",NA,"1/27/20",2,NA,"1/27/20",34.24,"1/30/20",213.45,"2/3/20",1180.44,"2/10/20","2/17/20","2/24/20","2/24/20",9682.96,NA,NA,NA,NA,NA,NA,NA,NA,0,0,0,0,0,0,NA,NA,"did not shed fully at molt to 5th, removed cuticle from 3rd-6th prolegs",NA,24,0,27,27,30,34,41,48,55,55,0,0,NA,0,0,3,6,10,NA,NA,31,NA,NA,0,0,31,"cull",0,17,24,31,9682.96,31
24,"p5.1","para",30,"10","1/24/20",NA,"1/27/20",2,NA,"1/27/20",34.24,"1/30/20",213.45,"2/3/20",1180.44,"2/10/20","2/17/20","2/24/20","2/24/20",9682.96,NA,NA,NA,NA,NA,NA,NA,NA,0,0,0,0,0,0,NA,NA,"did not shed fully at molt to 5th, removed cuticle from 3rd-6th prolegs",NA,24,0,27,27,30,34,41,48,55,55,0,0,NA,0,0,3,6,10,NA,NA,31,NA,NA,0,0,31,"cull",0,17,24,31,8109.4,17
24,"p5.2","para",30,"10","1/24/20",NA,"1/27/20",2,NA,"1/27/20",34.24,"1/30/20",213.45,"2/3/20",1180.44,"2/10/20","2/17/20","2/24/20","2/24/20",9682.96,NA,NA,NA,NA,NA,NA,NA,NA,0,0,0,0,0,0,NA,NA,"did not shed fully at molt to 5th, removed cuticle from 3rd-6th prolegs",NA,24,0,27,27,30,34,41,48,55,55,0,0,NA,0,0,3,6,10,NA,NA,31,NA,NA,0,0,31,"cull",0,17,24,31,10863.28,24
24,"p5.3","para",30,"10","1/24/20",NA,"1/27/20",2,NA,"1/27/20",34.24,"1/30/20",213.45,"2/3/20",1180.44,"2/10/20","2/17/20","2/24/20","2/24/20",9682.96,NA,NA,NA,NA,NA,NA,NA,NA,0,0,0,0,0,0,NA,NA,"did not shed fully at molt to 5th, removed cuticle from 3rd-6th prolegs",NA,24,0,27,27,30,34,41,48,55,55,0,0,NA,0,0,3,6,10,NA,NA,31,NA,NA,0,0,31,"cull",0,17,24,31,9682.96,31
32,"end","para",30,"10","1/24/20",NA,"1/27/20",1,NA,"1/27/20",40.52,"1/30/20",248.9,"2/4/20",2426.01,"2/11/20","2/18/20","2/25/20","2/25/20",12865.44,NA,NA,NA,NA,NA,NA,NA,NA,0,0,0,0,0,0,NA,NA,"did not shed fully at molt to 5th, removed cuticle from 4th-6th prolegs",NA,24,0,27,27,30,35,42,49,56,56,0,0,NA,0,0,3,6,11,NA,NA,32,NA,NA,0,0,32,"cull",0,18,25,32,12865.44,32
32,"p5.1","para",30,"10","1/24/20",NA,"1/27/20",1,NA,"1/27/20",40.52,"1/30/20",248.9,"2/4/20",2426.01,"2/11/20","2/18/20","2/25/20","2/25/20",12865.44,NA,NA,NA,NA,NA,NA,NA,NA,0,0,0,0,0,0,NA,NA,"did not shed fully at molt to 5th, removed cuticle from 4th-6th prolegs",NA,24,0,27,27,30,35,42,49,56,56,0,0,NA,0,0,3,6,11,NA,NA,32,NA,NA,0,0,32,"cull",0,18,25,32,9769.85,18
32,"p5.2","para",30,"10","1/24/20",NA,"1/27/20",1,NA,"1/27/20",40.52,"1/30/20",248.9,"2/4/20",2426.01,"2/11/20","2/18/20","2/25/20","2/25/20",12865.44,NA,NA,NA,NA,NA,NA,NA,NA,0,0,0,0,0,0,NA,NA,"did not shed fully at molt to 5th, removed cuticle from 4th-6th prolegs",NA,24,0,27,27,30,35,42,49,56,56,0,0,NA,0,0,3,6,11,NA,NA,32,NA,NA,0,0,32,"cull",0,18,25,32,14919.28,25
32,"p5.3","para",30,"10","1/24/20",NA,"1/27/20",1,NA,"1/27/20",40.52,"1/30/20",248.9,"2/4/20",2426.01,"2/11/20","2/18/20","2/25/20","2/25/20",12865.44,NA,NA,NA,NA,NA,NA,NA,NA,0,0,0,0,0,0,NA,NA,"did not shed fully at molt to 5th, removed cuticle from 4th-6th prolegs",NA,24,0,27,27,30,35,42,49,56,56,0,0,NA,0,0,3,6,11,NA,NA,32,NA,NA,0,0,32,"cull",0,18,25,32,12865.44,32
36,"end","para",30,"10","1/24/20",NA,"1/27/20",1,NA,"1/27/20",50.7,"1/30/20",241.66,"2/3/20",1429.51,"2/10/20","2/17/20","2/24/20","2/24/20",10267.14,NA,NA,NA,NA,NA,NA,NA,NA,0,0,0,0,0,0,NA,NA,"did not shed fully at molt to 5th, removed cuticle from 4th-6th prolegs",NA,24,0,27,27,30,34,41,48,55,55,0,0,NA,0,0,3,6,10,NA,NA,31,NA,NA,0,0,31,"cull",0,17,24,31,10267.14,31
36,"p5.1","para",30,"10","1/24/20",NA,"1/27/20",1,NA,"1/27/20",50.7,"1/30/20",241.66,"2/3/20",1429.51,"2/10/20","2/17/20","2/24/20","2/24/20",10267.14,NA,NA,NA,NA,NA,NA,NA,NA,0,0,0,0,0,0,NA,NA,"did not shed fully at molt to 5th, removed cuticle from 4th-6th prolegs",NA,24,0,27,27,30,34,41,48,55,55,0,0,NA,0,0,3,6,10,NA,NA,31,NA,NA,0,0,31,"cull",0,17,24,31,11143.89,17
36,"p5.2","para",30,"10","1/24/20",NA,"1/27/20",1,NA,"1/27/20",50.7,"1/30/20",241.66,"2/3/20",1429.51,"2/10/20","2/17/20","2/24/20","2/24/20",10267.14,NA,NA,NA,NA,NA,NA,NA,NA,0,0,0,0,0,0,NA,NA,"did not shed fully at molt to 5th, removed cuticle from 4th-6th prolegs",NA,24,0,27,27,30,34,41,48,55,55,0,0,NA,0,0,3,6,10,NA,NA,31,NA,NA,0,0,31,"cull",0,17,24,31,12043.07,24
36,"p5.3","para",30,"10","1/24/20",NA,"1/27/20",1,NA,"1/27/20",50.7,"1/30/20",241.66,"2/3/20",1429.51,"2/10/20","2/17/20","2/24/20","2/24/20",10267.14,NA,NA,NA,NA,NA,NA,NA,NA,0,0,0,0,0,0,NA,NA,"did not shed fully at molt to 5th, removed cuticle from 4th-6th prolegs",NA,24,0,27,27,30,34,41,48,55,55,0,0,NA,0,0,3,6,10,NA,NA,31,NA,NA,0,0,31,"cull",0,17,24,31,10267.14,31
4,"end","para",30,"10","1/23/20",NA,"1/27/20",3,NA,"1/27/20",78.44,"1/30/20",445.2,"2/2/20",1520.72,"2/10/20","2/16/20","2/24/20",NA,NA,NA,"2/24/20",9085.55,NA,NA,NA,NA,NA,0,0,0,0,0,0,NA,NA,"weighed a day late for p5.1--kept on original schedule for other weighings. wandered 2/24/20, put in pupae box to see if it pupates",NA,23,0,27,27,30,33,41,47,55,0,55,0,NA,0,0,4,7,10,32,NA,NA,NA,NA,0,0,32,"wand",0,18,24,32,9085.55,32
4,"p5.1","para",30,"10","1/23/20",NA,"1/27/20",3,NA,"1/27/20",78.44,"1/30/20",445.2,"2/2/20",1520.72,"2/10/20","2/16/20","2/24/20",NA,NA,NA,"2/24/20",9085.55,NA,NA,NA,NA,NA,0,0,0,0,0,0,NA,NA,"weighed a day late for p5.1--kept on original schedule for other weighings. wandered 2/24/20, put in pupae box to see if it pupates",NA,23,0,27,27,30,33,41,47,55,0,55,0,NA,0,0,4,7,10,32,NA,NA,NA,NA,0,0,32,"wand",0,18,24,32,10339.66,18
4,"p5.2","para",30,"10","1/23/20",NA,"1/27/20",3,NA,"1/27/20",78.44,"1/30/20",445.2,"2/2/20",1520.72,"2/10/20","2/16/20","2/24/20",NA,NA,NA,"2/24/20",9085.55,NA,NA,NA,NA,NA,0,0,0,0,0,0,NA,NA,"weighed a day late for p5.1--kept on original schedule for other weighings. wandered 2/24/20, put in pupae box to see if it pupates",NA,23,0,27,27,30,33,41,47,55,0,55,0,NA,0,0,4,7,10,32,NA,NA,NA,NA,0,0,32,"wand",0,18,24,32,12127.65,24
4,"p5.3","para",30,"10","1/23/20",NA,"1/27/20",3,NA,"1/27/20",78.44,"1/30/20",445.2,"2/2/20",1520.72,"2/10/20","2/16/20","2/24/20",NA,NA,NA,"2/24/20",9085.55,NA,NA,NA,NA,NA,0,0,0,0,0,0,NA,NA,"weighed a day late for p5.1--kept on original schedule for other weighings. wandered 2/24/20, put in pupae box to see if it pupates",NA,23,0,27,27,30,33,41,47,55,0,55,0,NA,0,0,4,7,10,32,NA,NA,NA,NA,0,0,32,"wand",0,18,24,32,9085.55,32
40,"end","para",30,"10","1/24/20",NA,"1/27/20",1,NA,"1/27/20",60.68,"1/30/20",231.03,"2/3/20",3125.77,"2/10/20","2/17/20","2/24/20","2/24/20",9426.34,NA,NA,NA,NA,NA,NA,NA,NA,0,0,0,0,0,0,NA,NA,"did not shed fully at molt to 5th, removed cuticle from 5th-6th prolegs",NA,24,0,27,27,30,34,41,48,55,55,0,0,NA,0,0,3,6,10,NA,NA,31,NA,NA,0,0,31,"cull",0,17,24,31,9426.34,31
40,"p5.1","para",30,"10","1/24/20",NA,"1/27/20",1,NA,"1/27/20",60.68,"1/30/20",231.03,"2/3/20",3125.77,"2/10/20","2/17/20","2/24/20","2/24/20",9426.34,NA,NA,NA,NA,NA,NA,NA,NA,0,0,0,0,0,0,NA,NA,"did not shed fully at molt to 5th, removed cuticle from 5th-6th prolegs",NA,24,0,27,27,30,34,41,48,55,55,0,0,NA,0,0,3,6,10,NA,NA,31,NA,NA,0,0,31,"cull",0,17,24,31,9746.83,17
40,"p5.2","para",30,"10","1/24/20",NA,"1/27/20",1,NA,"1/27/20",60.68,"1/30/20",231.03,"2/3/20",3125.77,"2/10/20","2/17/20","2/24/20","2/24/20",9426.34,NA,NA,NA,NA,NA,NA,NA,NA,0,0,0,0,0,0,NA,NA,"did not shed fully at molt to 5th, removed cuticle from 5th-6th prolegs",NA,24,0,27,27,30,34,41,48,55,55,0,0,NA,0,0,3,6,10,NA,NA,31,NA,NA,0,0,31,"cull",0,17,24,31,12103.88,24
40,"p5.3","para",30,"10","1/24/20",NA,"1/27/20",1,NA,"1/27/20",60.68,"1/30/20",231.03,"2/3/20",3125.77,"2/10/20","2/17/20","2/24/20","2/24/20",9426.34,NA,NA,NA,NA,NA,NA,NA,NA,0,0,0,0,0,0,NA,NA,"did not shed fully at molt to 5th, removed cuticle from 5th-6th prolegs",NA,24,0,27,27,30,34,41,48,55,55,0,0,NA,0,0,3,6,10,NA,NA,31,NA,NA,0,0,31,"cull",0,17,24,31,9426.34,31
44,"end","para",30,"10","1/24/20",NA,"1/27/20",1,NA,"1/27/20",52.76,"2/1/20",424.12,"2/7/20",1451.38,"2/14/20","2/21/20","2/28/20","2/28/20",6969.13,NA,NA,NA,NA,NA,NA,NA,NA,0,0,0,0,0,0,NA,NA,"did not shed fully at molt to 5th, cuticle removed from 4th-6th prolegs 3 days after molt to 5th (2/10/20)",NA,24,0,27,27,32,38,45,52,59,59,0,0,NA,0,0,3,8,14,NA,NA,35,NA,NA,0,0,35,"cull",0,21,28,35,6969.13,35
44,"p5.1","para",30,"10","1/24/20",NA,"1/27/20",1,NA,"1/27/20",52.76,"2/1/20",424.12,"2/7/20",1451.38,"2/14/20","2/21/20","2/28/20","2/28/20",6969.13,NA,NA,NA,NA,NA,NA,NA,NA,0,0,0,0,0,0,NA,NA,"did not shed fully at molt to 5th, cuticle removed from 4th-6th prolegs 3 days after molt to 5th (2/10/20)",NA,24,0,27,27,32,38,45,52,59,59,0,0,NA,0,0,3,8,14,NA,NA,35,NA,NA,0,0,35,"cull",0,21,28,35,8258.85,21
44,"p5.2","para",30,"10","1/24/20",NA,"1/27/20",1,NA,"1/27/20",52.76,"2/1/20",424.12,"2/7/20",1451.38,"2/14/20","2/21/20","2/28/20","2/28/20",6969.13,NA,NA,NA,NA,NA,NA,NA,NA,0,0,0,0,0,0,NA,NA,"did not shed fully at molt to 5th, cuticle removed from 4th-6th prolegs 3 days after molt to 5th (2/10/20)",NA,24,0,27,27,32,38,45,52,59,59,0,0,NA,0,0,3,8,14,NA,NA,35,NA,NA,0,0,35,"cull",0,21,28,35,8948.82,28
44,"p5.3","para",30,"10","1/24/20",NA,"1/27/20",1,NA,"1/27/20",52.76,"2/1/20",424.12,"2/7/20",1451.38,"2/14/20","2/21/20","2/28/20","2/28/20",6969.13,NA,NA,NA,NA,NA,NA,NA,NA,0,0,0,0,0,0,NA,NA,"did not shed fully at molt to 5th, cuticle removed from 4th-6th prolegs 3 days after molt to 5th (2/10/20)",NA,24,0,27,27,32,38,45,52,59,59,0,0,NA,0,0,3,8,14,NA,NA,35,NA,NA,0,0,35,"cull",0,21,28,35,6969.13,35
48,"end","para",30,"10","1/24/20",NA,"1/27/20",1,NA,"1/27/20",54.31,"2/1/20",358.08,"2/4/20",919.77,"2/11/20","2/18/20","2/25/20","2/25/20",5623.35,NA,NA,NA,NA,NA,NA,NA,NA,0,0,0,0,0,0,NA,NA,"did not shed fully at molt to 5th, removed cuticle from all prolegs",NA,24,0,27,27,32,35,42,49,56,56,0,0,NA,0,0,3,8,11,NA,NA,32,NA,NA,0,0,32,"cull",0,18,25,32,5623.35,32
48,"p5.1","para",30,"10","1/24/20",NA,"1/27/20",1,NA,"1/27/20",54.31,"2/1/20",358.08,"2/4/20",919.77,"2/11/20","2/18/20","2/25/20","2/25/20",5623.35,NA,NA,NA,NA,NA,NA,NA,NA,0,0,0,0,0,0,NA,NA,"did not shed fully at molt to 5th, removed cuticle from all prolegs",NA,24,0,27,27,32,35,42,49,56,56,0,0,NA,0,0,3,8,11,NA,NA,32,NA,NA,0,0,32,"cull",0,18,25,32,5667.74,18
48,"p5.2","para",30,"10","1/24/20",NA,"1/27/20",1,NA,"1/27/20",54.31,"2/1/20",358.08,"2/4/20",919.77,"2/11/20","2/18/20","2/25/20","2/25/20",5623.35,NA,NA,NA,NA,NA,NA,NA,NA,0,0,0,0,0,0,NA,NA,"did not shed fully at molt to 5th, removed cuticle from all prolegs",NA,24,0,27,27,32,35,42,49,56,56,0,0,NA,0,0,3,8,11,NA,NA,32,NA,NA,0,0,32,"cull",0,18,25,32,7893.54,25
48,"p5.3","para",30,"10","1/24/20",NA,"1/27/20",1,NA,"1/27/20",54.31,"2/1/20",358.08,"2/4/20",919.77,"2/11/20","2/18/20","2/25/20","2/25/20",5623.35,NA,NA,NA,NA,NA,NA,NA,NA,0,0,0,0,0,0,NA,NA,"did not shed fully at molt to 5th, removed cuticle from all prolegs",NA,24,0,27,27,32,35,42,49,56,56,0,0,NA,0,0,3,8,11,NA,NA,32,NA,NA,0,0,32,"cull",0,18,25,32,5623.35,32
52,"end","para",30,"10","1/24/20",NA,"1/27/20",2,NA,"1/27/20",46.99,"1/30/20",163.02,"2/3/20",1135.28,"2/10/20","2/17/20","2/24/20","2/24/20",8030.15,NA,NA,NA,NA,NA,NA,NA,NA,0,0,0,0,0,0,NA,NA,"did not shed fully at molt to 5th, removed cuticle from 4th-6th prolegs",NA,24,0,27,27,30,34,41,48,55,55,0,0,NA,0,0,3,6,10,NA,NA,31,NA,NA,0,0,31,"cull",0,17,24,31,8030.15,31
52,"p5.1","para",30,"10","1/24/20",NA,"1/27/20",2,NA,"1/27/20",46.99,"1/30/20",163.02,"2/3/20",1135.28,"2/10/20","2/17/20","2/24/20","2/24/20",8030.15,NA,NA,NA,NA,NA,NA,NA,NA,0,0,0,0,0,0,NA,NA,"did not shed fully at molt to 5th, removed cuticle from 4th-6th prolegs",NA,24,0,27,27,30,34,41,48,55,55,0,0,NA,0,0,3,6,10,NA,NA,31,NA,NA,0,0,31,"cull",0,17,24,31,8477.04,17
52,"p5.2","para",30,"10","1/24/20",NA,"1/27/20",2,NA,"1/27/20",46.99,"1/30/20",163.02,"2/3/20",1135.28,"2/10/20","2/17/20","2/24/20","2/24/20",8030.15,NA,NA,NA,NA,NA,NA,NA,NA,0,0,0,0,0,0,NA,NA,"did not shed fully at molt to 5th, removed cuticle from 4th-6th prolegs",NA,24,0,27,27,30,34,41,48,55,55,0,0,NA,0,0,3,6,10,NA,NA,31,NA,NA,0,0,31,"cull",0,17,24,31,9273.35,24
52,"p5.3","para",30,"10","1/24/20",NA,"1/27/20",2,NA,"1/27/20",46.99,"1/30/20",163.02,"2/3/20",1135.28,"2/10/20","2/17/20","2/24/20","2/24/20",8030.15,NA,NA,NA,NA,NA,NA,NA,NA,0,0,0,0,0,0,NA,NA,"did not shed fully at molt to 5th, removed cuticle from 4th-6th prolegs",NA,24,0,27,27,30,34,41,48,55,55,0,0,NA,0,0,3,6,10,NA,NA,31,NA,NA,0,0,31,"cull",0,17,24,31,8030.15,31
56,"end","para",30,"10","1/24/20",NA,"1/27/20",1,NA,"1/27/20",49,"2/1/20",420.28,"2/4/20",842.39,"2/11/20",NA,NA,"2/17/20",2422.06,NA,NA,NA,NA,NA,NA,NA,NA,0,0,0,0,0,0,NA,NA,"did not shed fully at molt to 5th, could not remove cuticle. removed cuticle 6 days after molt to 5th, 2/10/20. close to death on 2/17/20, culled early. frozen for dissection",NA,24,0,27,27,32,35,42,NA,NA,48,0,0,NA,0,0,3,8,11,NA,NA,24,NA,NA,0,0,24,"cull",1,18,NA,NA,2422.06,24
56,"p5.1","para",30,"10","1/24/20",NA,"1/27/20",1,NA,"1/27/20",49,"2/1/20",420.28,"2/4/20",842.39,"2/11/20",NA,NA,"2/17/20",2422.06,NA,NA,NA,NA,NA,NA,NA,NA,0,0,0,0,0,0,NA,NA,"did not shed fully at molt to 5th, could not remove cuticle. removed cuticle 6 days after molt to 5th, 2/10/20. close to death on 2/17/20, culled early. frozen for dissection",NA,24,0,27,27,32,35,42,NA,NA,48,0,0,NA,0,0,3,8,11,NA,NA,24,NA,NA,0,0,24,"cull",1,18,NA,NA,1965.35,18
56,"p5.2","para",30,"10","1/24/20",NA,"1/27/20",1,NA,"1/27/20",49,"2/1/20",420.28,"2/4/20",842.39,"2/11/20",NA,NA,"2/17/20",2422.06,NA,NA,NA,NA,NA,NA,NA,NA,0,0,0,0,0,0,NA,NA,"did not shed fully at molt to 5th, could not remove cuticle. removed cuticle 6 days after molt to 5th, 2/10/20. close to death on 2/17/20, culled early. frozen for dissection",NA,24,0,27,27,32,35,42,NA,NA,48,0,0,NA,0,0,3,8,11,NA,NA,24,NA,NA,0,0,24,"cull",1,18,NA,NA,NA,NA
56,"p5.3","para",30,"10","1/24/20",NA,"1/27/20",1,NA,"1/27/20",49,"2/1/20",420.28,"2/4/20",842.39,"2/11/20",NA,NA,"2/17/20",2422.06,NA,NA,NA,NA,NA,NA,NA,NA,0,0,0,0,0,0,NA,NA,"did not shed fully at molt to 5th, could not remove cuticle. removed cuticle 6 days after molt to 5th, 2/10/20. close to death on 2/17/20, culled early. frozen for dissection",NA,24,0,27,27,32,35,42,NA,NA,48,0,0,NA,0,0,3,8,11,NA,NA,24,NA,NA,0,0,24,"cull",1,18,NA,NA,NA,NA
62,"end","para",30,"10","1/24/20",NA,"1/28/20",1,NA,"1/28/20",62.1,"1/31/20",163.88,"2/4/20",1326.19,"2/11/20",NA,NA,NA,NA,NA,"2/15/20",8736.76,NA,NA,NA,NA,NA,0,0,0,0,0,0,NA,NA,"did not shed fully at molt to 5th, removed cuticle from 4th-6th prolegs. wandered 2/15/20, frozen at -80 for katherine to test",NA,24,0,28,28,31,35,42,NA,NA,0,46,0,NA,0,0,4,7,11,22,NA,NA,NA,NA,0,0,22,"wand",0,18,NA,NA,8736.76,22
62,"p5.1","para",30,"10","1/24/20",NA,"1/28/20",1,NA,"1/28/20",62.1,"1/31/20",163.88,"2/4/20",1326.19,"2/11/20",NA,NA,NA,NA,NA,"2/15/20",8736.76,NA,NA,NA,NA,NA,0,0,0,0,0,0,NA,NA,"did not shed fully at molt to 5th, removed cuticle from 4th-6th prolegs. wandered 2/15/20, frozen at -80 for katherine to test",NA,24,0,28,28,31,35,42,NA,NA,0,46,0,NA,0,0,4,7,11,22,NA,NA,NA,NA,0,0,22,"wand",0,18,NA,NA,9575.73,18
62,"p5.2","para",30,"10","1/24/20",NA,"1/28/20",1,NA,"1/28/20",62.1,"1/31/20",163.88,"2/4/20",1326.19,"2/11/20",NA,NA,NA,NA,NA,"2/15/20",8736.76,NA,NA,NA,NA,NA,0,0,0,0,0,0,NA,NA,"did not shed fully at molt to 5th, removed cuticle from 4th-6th prolegs. wandered 2/15/20, frozen at -80 for katherine to test",NA,24,0,28,28,31,35,42,NA,NA,0,46,0,NA,0,0,4,7,11,22,NA,NA,NA,NA,0,0,22,"wand",0,18,NA,NA,NA,NA
62,"p5.3","para",30,"10","1/24/20",NA,"1/28/20",1,NA,"1/28/20",62.1,"1/31/20",163.88,"2/4/20",1326.19,"2/11/20",NA,NA,NA,NA,NA,"2/15/20",8736.76,NA,NA,NA,NA,NA,0,0,0,0,0,0,NA,NA,"did not shed fully at molt to 5th, removed cuticle from 4th-6th prolegs. wandered 2/15/20, frozen at -80 for katherine to test",NA,24,0,28,28,31,35,42,NA,NA,0,46,0,NA,0,0,4,7,11,22,NA,NA,NA,NA,0,0,22,"wand",0,18,NA,NA,NA,NA
66,"end","para",30,"10","1/24/20",NA,"1/28/20",1,NA,"1/28/20",43.22,"2/1/20",687.19,"2/4/20",1936.07,"2/11/20","2/18/20","2/25/20","2/25/20",12389.51,NA,NA,NA,NA,NA,NA,NA,NA,0,0,0,0,0,0,NA,NA,"did not shed fully at molt to 5th, removed cuticle from 4th-6th prolegs",NA,24,0,28,28,32,35,42,49,56,56,0,0,NA,0,0,4,8,11,NA,NA,32,NA,NA,0,0,32,"cull",0,18,25,32,12389.51,32
66,"p5.1","para",30,"10","1/24/20",NA,"1/28/20",1,NA,"1/28/20",43.22,"2/1/20",687.19,"2/4/20",1936.07,"2/11/20","2/18/20","2/25/20","2/25/20",12389.51,NA,NA,NA,NA,NA,NA,NA,NA,0,0,0,0,0,0,NA,NA,"did not shed fully at molt to 5th, removed cuticle from 4th-6th prolegs",NA,24,0,28,28,32,35,42,49,56,56,0,0,NA,0,0,4,8,11,NA,NA,32,NA,NA,0,0,32,"cull",0,18,25,32,11277.32,18
66,"p5.2","para",30,"10","1/24/20",NA,"1/28/20",1,NA,"1/28/20",43.22,"2/1/20",687.19,"2/4/20",1936.07,"2/11/20","2/18/20","2/25/20","2/25/20",12389.51,NA,NA,NA,NA,NA,NA,NA,NA,0,0,0,0,0,0,NA,NA,"did not shed fully at molt to 5th, removed cuticle from 4th-6th prolegs",NA,24,0,28,28,32,35,42,49,56,56,0,0,NA,0,0,4,8,11,NA,NA,32,NA,NA,0,0,32,"cull",0,18,25,32,14677.42,25
66,"p5.3","para",30,"10","1/24/20",NA,"1/28/20",1,NA,"1/28/20",43.22,"2/1/20",687.19,"2/4/20",1936.07,"2/11/20","2/18/20","2/25/20","2/25/20",12389.51,NA,NA,NA,NA,NA,NA,NA,NA,0,0,0,0,0,0,NA,NA,"did not shed fully at molt to 5th, removed cuticle from 4th-6th prolegs",NA,24,0,28,28,32,35,42,49,56,56,0,0,NA,0,0,4,8,11,NA,NA,32,NA,NA,0,0,32,"cull",0,18,25,32,12389.51,32
70,"end","para",30,"10","1/24/20",NA,"1/28/20",1,NA,"1/28/20",41.43,"2/2/20",194.29,"2/7/20",1582.37,"2/14/20","2/21/20","2/28/20","2/28/20",9069.18,NA,NA,NA,NA,NA,NA,NA,NA,0,0,0,0,0,0,NA,NA,"did not shed fully at molt to 5th, cuticle removed from 4th-6th prolegs 3 days after molt to 5th (2/10/20)",NA,24,0,28,28,33,38,45,52,59,59,0,0,NA,0,0,4,9,14,NA,NA,35,NA,NA,0,0,35,"cull",0,21,28,35,9069.18,35
70,"p5.1","para",30,"10","1/24/20",NA,"1/28/20",1,NA,"1/28/20",41.43,"2/2/20",194.29,"2/7/20",1582.37,"2/14/20","2/21/20","2/28/20","2/28/20",9069.18,NA,NA,NA,NA,NA,NA,NA,NA,0,0,0,0,0,0,NA,NA,"did not shed fully at molt to 5th, cuticle removed from 4th-6th prolegs 3 days after molt to 5th (2/10/20)",NA,24,0,28,28,33,38,45,52,59,59,0,0,NA,0,0,4,9,14,NA,NA,35,NA,NA,0,0,35,"cull",0,21,28,35,8709.73,21
70,"p5.2","para",30,"10","1/24/20",NA,"1/28/20",1,NA,"1/28/20",41.43,"2/2/20",194.29,"2/7/20",1582.37,"2/14/20","2/21/20","2/28/20","2/28/20",9069.18,NA,NA,NA,NA,NA,NA,NA,NA,0,0,0,0,0,0,NA,NA,"did not shed fully at molt to 5th, cuticle removed from 4th-6th prolegs 3 days after molt to 5th (2/10/20)",NA,24,0,28,28,33,38,45,52,59,59,0,0,NA,0,0,4,9,14,NA,NA,35,NA,NA,0,0,35,"cull",0,21,28,35,11071.4,28
70,"p5.3","para",30,"10","1/24/20",NA,"1/28/20",1,NA,"1/28/20",41.43,"2/2/20",194.29,"2/7/20",1582.37,"2/14/20","2/21/20","2/28/20","2/28/20",9069.18,NA,NA,NA,NA,NA,NA,NA,NA,0,0,0,0,0,0,NA,NA,"did not shed fully at molt to 5th, cuticle removed from 4th-6th prolegs 3 days after molt to 5th (2/10/20)",NA,24,0,28,28,33,38,45,52,59,59,0,0,NA,0,0,4,9,14,NA,NA,35,NA,NA,0,0,35,"cull",0,21,28,35,9069.18,35
74,"end","para",30,"10","1/24/20",NA,"1/28/20",2,NA,"1/28/20",67.25,"1/30/20",193.93,"2/3/20",1264.02,"2/10/20","2/17/20","2/24/20","2/24/20",4748.11,NA,NA,NA,NA,NA,NA,NA,NA,0,0,0,0,0,0,NA,NA,"did not shed fully at molt to 5th, removed cuticle from all prolegs",NA,24,0,28,28,30,34,41,48,55,55,0,0,NA,0,0,4,6,10,NA,NA,31,NA,NA,0,0,31,"cull",0,17,24,31,4748.11,31
74,"p5.1","para",30,"10","1/24/20",NA,"1/28/20",2,NA,"1/28/20",67.25,"1/30/20",193.93,"2/3/20",1264.02,"2/10/20","2/17/20","2/24/20","2/24/20",4748.11,NA,NA,NA,NA,NA,NA,NA,NA,0,0,0,0,0,0,NA,NA,"did not shed fully at molt to 5th, removed cuticle from all prolegs",NA,24,0,28,28,30,34,41,48,55,55,0,0,NA,0,0,4,6,10,NA,NA,31,NA,NA,0,0,31,"cull",0,17,24,31,3904.85,17
74,"p5.2","para",30,"10","1/24/20",NA,"1/28/20",2,NA,"1/28/20",67.25,"1/30/20",193.93,"2/3/20",1264.02,"2/10/20","2/17/20","2/24/20","2/24/20",4748.11,NA,NA,NA,NA,NA,NA,NA,NA,0,0,0,0,0,0,NA,NA,"did not shed fully at molt to 5th, removed cuticle from all prolegs",NA,24,0,28,28,30,34,41,48,55,55,0,0,NA,0,0,4,6,10,NA,NA,31,NA,NA,0,0,31,"cull",0,17,24,31,5090.44,24
74,"p5.3","para",30,"10","1/24/20",NA,"1/28/20",2,NA,"1/28/20",67.25,"1/30/20",193.93,"2/3/20",1264.02,"2/10/20","2/17/20","2/24/20","2/24/20",4748.11,NA,NA,NA,NA,NA,NA,NA,NA,0,0,0,0,0,0,NA,NA,"did not shed fully at molt to 5th, removed cuticle from all prolegs",NA,24,0,28,28,30,34,41,48,55,55,0,0,NA,0,0,4,6,10,NA,NA,31,NA,NA,0,0,31,"cull",0,17,24,31,4748.11,31
86,"end","para",30,"10","1/24/20",NA,"1/28/20",1,NA,"1/28/20",67.91,"2/1/20",575.05,"2/5/20",2133.84,"2/12/20",NA,NA,"2/16/20",6041.53,NA,NA,NA,NA,NA,NA,NA,NA,0,0,0,0,0,0,NA,NA,"close to death before p5.2, culled and weighed on 2/16/20",NA,24,0,28,28,32,36,43,NA,NA,47,0,0,NA,0,0,4,8,12,NA,NA,23,NA,NA,0,0,23,"cull",0,19,NA,NA,6041.53,23
86,"p5.1","para",30,"10","1/24/20",NA,"1/28/20",1,NA,"1/28/20",67.91,"2/1/20",575.05,"2/5/20",2133.84,"2/12/20",NA,NA,"2/16/20",6041.53,NA,NA,NA,NA,NA,NA,NA,NA,0,0,0,0,0,0,NA,NA,"close to death before p5.2, culled and weighed on 2/16/20",NA,24,0,28,28,32,36,43,NA,NA,47,0,0,NA,0,0,4,8,12,NA,NA,23,NA,NA,0,0,23,"cull",0,19,NA,NA,6071.88,19
86,"p5.2","para",30,"10","1/24/20",NA,"1/28/20",1,NA,"1/28/20",67.91,"2/1/20",575.05,"2/5/20",2133.84,"2/12/20",NA,NA,"2/16/20",6041.53,NA,NA,NA,NA,NA,NA,NA,NA,0,0,0,0,0,0,NA,NA,"close to death before p5.2, culled and weighed on 2/16/20",NA,24,0,28,28,32,36,43,NA,NA,47,0,0,NA,0,0,4,8,12,NA,NA,23,NA,NA,0,0,23,"cull",0,19,NA,NA,NA,NA
86,"p5.3","para",30,"10","1/24/20",NA,"1/28/20",1,NA,"1/28/20",67.91,"2/1/20",575.05,"2/5/20",2133.84,"2/12/20",NA,NA,"2/16/20",6041.53,NA,NA,NA,NA,NA,NA,NA,NA,0,0,0,0,0,0,NA,NA,"close to death before p5.2, culled and weighed on 2/16/20",NA,24,0,28,28,32,36,43,NA,NA,47,0,0,NA,0,0,4,8,12,NA,NA,23,NA,NA,0,0,23,"cull",0,19,NA,NA,NA,NA
