"num","treatment","temp.avg","temp.var","date.hatch","date.died","date.ovp","num.ovp","suc.ovp","date.3","mass.3","date.4","mass.4","date.5","mass.5","date.p5.1","mass.p5.1","date.p5.2","mass.p5.2","date.p5.3","mass.p5.3","date.cull","mass.cull","inst.6","date.wand","mass.wand","date.em","instar.em","bled.em","mass.48em","date.ecl","num.em","num.coc","num.fail.spin","num.unem","num.ecl","load","mongo","left_out","notes","diss.notes","date.hatch.j","date.died.j","date.ovp.j","date.3.j","date.4.j","date.5.j","date.p5.1.j","date.p5.2.j","date.p5.3.j","date.cull.j","date.wand.j","date.em.j","date.ecl.j","died","died.bf5","tt3","tt4","tt5","ttwand","ttem.h","ttcull","ttem.w","ttecl","ps.em","ps.ecl","ttend","mass.end","end.class"
1,"control",30,"0","1/23/20",NA,NA,NA,NA,"1/26/20",38.09,"1/29/20",545.61,"1/31/20",1447.48,NA,NA,NA,NA,NA,NA,NA,NA,NA,"2/3/20",8479.89,NA,NA,NA,NA,NA,0,NA,NA,NA,0,0,NA,NA,NA,NA,23,0,NA,26,29,31,NA,NA,NA,0,34,0,NA,0,0,3,6,8,11,NA,NA,NA,NA,0,0,11,8479.89,"wand"
2,"control",30,"10","1/23/20",NA,NA,NA,NA,"1/27/20",68.77,"1/29/20",269.65,"2/3/20",2187.28,NA,NA,NA,NA,NA,NA,NA,NA,NA,"2/8/20",10693.13,NA,NA,NA,NA,NA,0,NA,NA,NA,0,0,NA,NA,"did not shed fully at molt to 5th, removed cuticle from 5th-6th prolegs",NA,23,0,NA,27,29,34,NA,NA,NA,0,39,0,NA,0,0,4,6,11,16,NA,NA,NA,NA,0,0,16,10693.13,"wand"
3,"para",30,"0","1/23/20",NA,"1/27/20",1,NA,"1/27/20",48.43,"1/30/20",413.2,"2/3/20",3023.81,NA,NA,NA,NA,NA,NA,NA,NA,NA,NA,NA,"2/6/20",5,0,4016.15,"2/10/20",118,91,27,111,77,229,NA,NA,NA,"2 immature 2nd instars counted in num unem. some 2nd instars look stuck in their cuticle",23,0,27,27,30,34,NA,NA,NA,0,0,37,41,0,0,4,7,11,NA,14,NA,10,14,0.51528384279476,0.336244541484716,14,4016.15,"em"
4,"para",30,"10","1/23/20",NA,"1/27/20",3,NA,"1/27/20",78.44,"1/30/20",445.2,"2/2/20",1520.72,"2/10/20",10339.66,"2/16/20",12127.65,"2/24/20",9085.55,NA,NA,NA,"2/24/20",9085.55,NA,NA,NA,NA,NA,0,NA,NA,NA,0,0,NA,NA,"weighed a day late for p5.1--kept on original schedule for other weighings. wandered 2/24/20, put in pupae box to see if it pupates",NA,23,0,27,27,30,33,41,47,55,0,55,0,NA,0,0,4,7,10,32,NA,NA,NA,NA,0,0,32,9085.55,"wand"
5,"control",30,"0","1/23/20",NA,NA,NA,NA,"1/27/20",50.35,"1/29/20",317.79,"2/1/20",4241.08,NA,NA,NA,NA,NA,NA,NA,NA,NA,"2/4/20",9569.97,NA,NA,NA,NA,NA,0,NA,NA,NA,0,0,NA,NA,NA,NA,23,0,NA,27,29,32,NA,NA,NA,0,35,0,NA,0,0,4,6,9,12,NA,NA,NA,NA,0,0,12,9569.97,"wand"
6,"control",30,"10","1/23/20",NA,NA,NA,NA,"1/27/20",32.23,"1/30/20",226.2,"2/3/20",1403.95,NA,NA,NA,NA,NA,NA,NA,NA,NA,"2/8/20",7896.71,NA,NA,NA,NA,NA,0,NA,NA,NA,0,0,NA,NA,"did not shed fully at molt to 5th, removed cuticle from 4th-6th prolegs",NA,23,0,NA,27,30,34,NA,NA,NA,0,39,0,NA,0,0,4,7,11,16,NA,NA,NA,NA,0,0,16,7896.71,"wand"
7,"para",30,"0","1/23/20",NA,"1/27/20",1,NA,"1/27/20",41.58,"1/30/20",250.96,"2/3/20",1958.08,NA,NA,NA,NA,NA,NA,NA,NA,NA,NA,NA,"2/5/20",5,0,2399.19,"2/10/20",85,85,0,24,80,109,NA,NA,NA,"4 immature 2nds counted in num unem",23,0,27,27,30,34,NA,NA,NA,0,0,36,41,0,0,4,7,11,NA,13,NA,9,14,0.779816513761468,0.73394495412844,13,2399.19,"em"
9,"control",30,"0","1/23/20",NA,NA,NA,NA,"1/27/20",45.36,"1/29/20",235.45,"2/1/20",3266.16,NA,NA,NA,NA,NA,NA,NA,NA,NA,"2/4/20",10551.37,NA,NA,NA,NA,NA,0,NA,NA,NA,0,0,NA,NA,NA,NA,23,0,NA,27,29,32,NA,NA,NA,0,35,0,NA,0,0,4,6,9,12,NA,NA,NA,NA,0,0,12,10551.37,"wand"
10,"control",30,"10","1/23/20",NA,NA,NA,NA,"1/27/20",28.97,"1/30/20",202.23,"2/3/20",1631.03,NA,NA,NA,NA,NA,NA,NA,NA,NA,"2/8/20",8683.6,NA,NA,NA,NA,NA,0,NA,NA,NA,0,0,NA,NA,"did not shed fully at molt to 5th, removed cuticle from 5th-6th prolegs",NA,23,0,NA,27,30,34,NA,NA,NA,0,39,0,NA,0,0,4,7,11,16,NA,NA,NA,NA,0,0,16,8683.6,"wand"
12,"para",30,"10","1/23/20",NA,"1/27/20",1,NA,"1/27/20",58.18,"1/30/20",274.11,"2/3/20",1576.91,"2/10/20",9744.56,"2/17/20",10466.31,NA,NA,"2/22/20",8769.46,NA,NA,NA,NA,NA,NA,NA,NA,0,NA,NA,NA,0,0,NA,NA,"did not shed fully at molt to 5th, removed cuticle from all prolegs. close to death 2/22/20, culled early. frozen for dissection",NA,23,0,27,27,30,34,41,48,NA,53,0,0,NA,0,0,4,7,11,NA,NA,30,NA,NA,0,0,30,8769.46,"cull"
13,"control",30,"0","1/23/20",NA,NA,NA,NA,"1/27/20",50.78,"1/29/20",222.19,"2/1/20",1720.16,NA,NA,NA,NA,NA,NA,NA,NA,NA,"2/4/20",11456.22,NA,NA,NA,NA,NA,0,NA,NA,NA,0,0,NA,NA,NA,NA,23,0,NA,27,29,32,NA,NA,NA,0,35,0,NA,0,0,4,6,9,12,NA,NA,NA,NA,0,0,12,11456.22,"wand"
14,"control",30,"10","1/23/20",NA,NA,NA,NA,"1/27/20",31.92,"1/30/20",205.9,"2/3/20",1490.47,NA,NA,NA,NA,NA,NA,NA,NA,NA,"2/8/20",9190.56,NA,NA,NA,NA,NA,0,NA,NA,NA,0,0,NA,NA,"did not shed fully at molt to 5th, removed cuticle from 4th-6th prolegs",NA,23,0,NA,27,30,34,NA,NA,NA,0,39,0,NA,0,0,4,7,11,16,NA,NA,NA,NA,0,0,16,9190.56,"wand"
15,"para",30,"0","1/24/20",NA,"1/27/20",1,NA,"1/27/20",46.98,"1/30/20",264.88,"2/3/20",1605.68,NA,NA,NA,NA,NA,NA,NA,NA,NA,NA,NA,"2/6/20",5,0,3164.23,"2/10/20",77,73,4,42,69,119,NA,NA,NA,"3 immature 2nd instars counted in num unem. some 2nd instars look stuck in their cuticle",24,0,27,27,30,34,NA,NA,NA,0,0,37,41,0,0,3,6,10,NA,13,NA,10,14,0.647058823529412,0.579831932773109,13,3164.23,"em"
17,"control",30,"0","1/24/20",NA,NA,NA,NA,"1/27/20",52.05,"1/29/20",161.24,"2/1/20",1293.77,NA,NA,NA,NA,NA,NA,NA,NA,NA,"2/5/20",9507.24,NA,NA,NA,NA,NA,0,NA,NA,NA,0,0,NA,NA,NA,NA,24,0,NA,27,29,32,NA,NA,NA,0,36,0,NA,0,0,3,5,8,12,NA,NA,NA,NA,0,0,12,9507.24,"wand"
18,"control",30,"10","1/24/20",NA,NA,NA,NA,"1/27/20",46.71,"1/29/20",249.23,"2/2/20",1336.47,NA,NA,NA,NA,NA,NA,NA,NA,NA,"2/9/20",5924.3,NA,NA,NA,NA,NA,0,NA,NA,NA,0,0,NA,NA,"did not shed fully at molt to 5th, removed cuticle from 4-6th prolegs",NA,24,0,NA,27,29,33,NA,NA,NA,0,40,0,NA,0,0,3,5,9,16,NA,NA,NA,NA,0,0,16,5924.3,"wand"
19,"para",30,"0","1/24/20",NA,"1/27/20",2,NA,"1/27/20",43.64,"1/31/20",144.36,"2/4/20",1536.83,NA,NA,NA,NA,NA,NA,NA,NA,NA,NA,NA,"2/8/20",5,0,3485.45,"2/13/20",76,53,23,141,18,217,NA,1,"was left out at room temperature for 24 hours, 1 day after wasp emergence","17 immature 2nd instars counted in num unem. some 2nd instars looked stuck in cuticle. at least 1 1st instar found",24,0,27,27,31,35,NA,NA,NA,0,0,39,44,0,0,3,7,11,NA,15,NA,12,17,0.350230414746544,0.0829493087557604,15,3485.45,"em"
21,"control",30,"0","1/24/20",NA,NA,NA,NA,"1/27/20",43.47,"1/29/20",187.08,"2/1/20",1125.88,NA,NA,NA,NA,NA,NA,NA,NA,NA,"2/5/20",8670.88,NA,NA,NA,NA,NA,0,NA,NA,NA,0,0,NA,NA,NA,NA,24,0,NA,27,29,32,NA,NA,NA,0,36,0,NA,0,0,3,5,8,12,NA,NA,NA,NA,0,0,12,8670.88,"wand"
22,"control",30,"10","1/24/20",NA,NA,NA,NA,"1/27/20",46.11,"1/29/20",193.96,"2/3/20",1724.79,NA,NA,NA,NA,NA,NA,NA,NA,NA,"2/9/20",8099.44,NA,NA,NA,NA,NA,0,NA,NA,NA,0,0,NA,NA,NA,NA,24,0,NA,27,29,34,NA,NA,NA,0,40,0,NA,0,0,3,5,10,16,NA,NA,NA,NA,0,0,16,8099.44,"wand"
23,"para",30,"0","1/24/20",NA,"1/27/20",3,NA,"1/27/20",42.19,"1/30/20",321.55,"2/2/20",1353.72,NA,NA,NA,NA,NA,NA,NA,NA,NA,NA,NA,"2/7/20",5,1,3512.4,"2/10/20",89,82,7,239,73,328,NA,NA,NA,"52 immature 2nd instars, counted in num unem. some 2nd instars look stuck in their cuticle. at least 5-10 1st instars found",24,0,27,27,30,33,NA,NA,NA,0,0,38,41,0,0,3,6,9,NA,14,NA,11,14,0.271341463414634,0.222560975609756,14,3512.4,"em"
24,"para",30,"10","1/24/20",NA,"1/27/20",2,NA,"1/27/20",34.24,"1/30/20",213.45,"2/3/20",1180.44,"2/10/20",8109.4,"2/17/20",10863.28,"2/24/20",9682.96,"2/24/20",9682.96,NA,NA,NA,NA,NA,NA,NA,NA,0,NA,NA,NA,0,0,NA,NA,"did not shed fully at molt to 5th, removed cuticle from 3rd-6th prolegs",NA,24,0,27,27,30,34,41,48,55,55,0,0,NA,0,0,3,6,10,NA,NA,31,NA,NA,0,0,31,9682.96,"cull"
25,"control",30,"0","1/24/20",NA,NA,NA,NA,"1/27/20",45.7,"1/29/20",259.38,"2/1/20",2911.34,NA,NA,NA,NA,NA,NA,NA,NA,NA,"2/4/20",9992.34,NA,NA,NA,NA,NA,0,NA,NA,NA,0,0,NA,NA,NA,NA,24,0,NA,27,29,32,NA,NA,NA,0,35,0,NA,0,0,3,5,8,11,NA,NA,NA,NA,0,0,11,9992.34,"wand"
26,"control",30,"10","1/24/20",NA,NA,NA,NA,"1/27/20",33.25,"1/30/20",189.24,"2/3/20",1108.53,NA,NA,NA,NA,NA,NA,NA,NA,NA,"2/8/20",6753.34,NA,NA,NA,NA,NA,0,NA,NA,NA,0,0,NA,NA,"did not shed fully at molt to 5th, removed cuticle from 4th-6th prolegs",NA,24,0,NA,27,30,34,NA,NA,NA,0,39,0,NA,0,0,3,6,10,15,NA,NA,NA,NA,0,0,15,6753.34,"wand"
27,"para",30,"0","1/24/20",NA,"1/27/20",2,NA,"1/27/20",39.62,"1/30/20",140.37,"2/3/20",1209.88,NA,NA,NA,NA,NA,NA,NA,NA,NA,NA,NA,"2/7/20",5,0,3028.6,"2/11/20",72,48,24,112,39,184,NA,NA,NA,"39 immature 2nd instars counted in num unem. some 2nd instars look stuck in their cuticle",24,0,27,27,30,34,NA,NA,NA,0,0,38,42,0,0,3,6,10,NA,14,NA,11,15,0.391304347826087,0.21195652173913,14,3028.6,"em"
29,"control",30,"0","1/24/20",NA,NA,NA,NA,"1/27/20",50.24,"1/29/20",222.42,"2/1/20",3066.58,NA,NA,NA,NA,NA,NA,NA,NA,NA,"2/4/20",8859.93,NA,NA,NA,NA,NA,0,NA,NA,NA,0,0,NA,NA,NA,NA,24,0,NA,27,29,32,NA,NA,NA,0,35,0,NA,0,0,3,5,8,11,NA,NA,NA,NA,0,0,11,8859.93,"wand"
30,"control",30,"10","1/24/20",NA,NA,NA,NA,"1/27/20",43.45,"1/30/20",173.13,"2/4/20",1681.59,NA,NA,NA,NA,NA,NA,NA,NA,NA,"2/9/20",9324.64,NA,NA,NA,NA,NA,0,NA,NA,NA,0,0,NA,NA,"did not shed fully at molt to 5th, removed cuticle from all prolegs",NA,24,0,NA,27,30,35,NA,NA,NA,0,40,0,NA,0,0,3,6,11,16,NA,NA,NA,NA,0,0,16,9324.64,"wand"
31,"para",30,"0","1/24/20",NA,"1/27/20",1,NA,"1/27/20",41.51,"1/31/20",121.17,"2/4/20",1849.26,NA,NA,NA,NA,NA,NA,NA,NA,NA,NA,NA,"2/7/20",5,0,3290.92,"2/11/20",94,55,39,39,31,133,NA,NA,NA,NA,24,0,27,27,31,35,NA,NA,NA,0,0,38,42,0,0,3,7,11,NA,14,NA,11,15,0.706766917293233,0.233082706766917,14,3290.92,"em"
32,"para",30,"10","1/24/20",NA,"1/27/20",1,NA,"1/27/20",40.52,"1/30/20",248.9,"2/4/20",2426.01,"2/11/20",9769.85,"2/18/20",14919.28,"2/25/20",12865.44,"2/25/20",12865.44,NA,NA,NA,NA,NA,NA,NA,NA,0,NA,NA,NA,0,0,NA,NA,"did not shed fully at molt to 5th, removed cuticle from 4th-6th prolegs",NA,24,0,27,27,30,35,42,49,56,56,0,0,NA,0,0,3,6,11,NA,NA,32,NA,NA,0,0,32,12865.44,"cull"
33,"control",30,"0","1/24/20",NA,NA,NA,NA,"1/27/20",47.29,"1/29/20",186.31,"2/1/20",1425.24,NA,NA,NA,NA,NA,NA,NA,NA,NA,"2/5/20",10495.67,NA,NA,NA,NA,NA,0,NA,NA,NA,0,0,NA,NA,NA,NA,24,0,NA,27,29,32,NA,NA,NA,0,36,0,NA,0,0,3,5,8,12,NA,NA,NA,NA,0,0,12,10495.67,"wand"
34,"control",30,"10","1/24/20",NA,NA,NA,NA,"1/27/20",39.94,"1/29/20",211.25,"2/1/20",1239.32,NA,NA,NA,NA,NA,NA,NA,NA,NA,"2/6/20",9063.74,NA,NA,NA,NA,NA,0,NA,NA,NA,0,0,NA,NA,NA,NA,24,0,NA,27,29,32,NA,NA,NA,0,37,0,NA,0,0,3,5,8,13,NA,NA,NA,NA,0,0,13,9063.74,"wand"
35,"para",30,"0","1/24/20",NA,"1/27/20",1,NA,"1/27/20",60.9,"1/30/20",192.91,"2/3/20",1521.25,NA,NA,NA,NA,NA,NA,NA,NA,NA,NA,NA,"2/6/20",5,0,2817.37,"2/10/20",53,43,10,33,22,86,NA,NA,NA,"7 immature 2nds, counted in num_unem. at least 2 1st instar. Some 2nd instars looked stuck in their cuticle",24,0,27,27,30,34,NA,NA,NA,0,0,37,41,0,0,3,6,10,NA,13,NA,10,14,0.616279069767442,0.255813953488372,13,2817.37,"em"
36,"para",30,"10","1/24/20",NA,"1/27/20",1,NA,"1/27/20",50.7,"1/30/20",241.66,"2/3/20",1429.51,"2/10/20",11143.89,"2/17/20",12043.07,"2/24/20",10267.14,"2/24/20",10267.14,NA,NA,NA,NA,NA,NA,NA,NA,0,NA,NA,NA,0,0,NA,NA,"did not shed fully at molt to 5th, removed cuticle from 4th-6th prolegs",NA,24,0,27,27,30,34,41,48,55,55,0,0,NA,0,0,3,6,10,NA,NA,31,NA,NA,0,0,31,10267.14,"cull"
37,"control",30,"0","1/24/20",NA,NA,NA,NA,"1/27/20",58.32,"1/29/20",289.94,"2/1/20",3812.58,NA,NA,NA,NA,NA,NA,NA,NA,NA,"2/3/20",10160.66,NA,NA,NA,NA,NA,0,NA,NA,NA,0,0,NA,NA,NA,NA,24,0,NA,27,29,32,NA,NA,NA,0,34,0,NA,0,0,3,5,8,10,NA,NA,NA,NA,0,0,10,10160.66,"wand"
38,"control",30,"10","1/24/20",NA,NA,NA,NA,"1/27/20",48.94,"1/29/20",254.75,"2/2/20",2758.97,NA,NA,NA,NA,NA,NA,NA,NA,NA,"2/6/20",10608.51,NA,NA,NA,NA,NA,0,NA,NA,NA,0,0,NA,NA,NA,NA,24,0,NA,27,29,33,NA,NA,NA,0,37,0,NA,0,0,3,5,9,13,NA,NA,NA,NA,0,0,13,10608.51,"wand"
39,"para",30,"0","1/24/20",NA,"1/27/20",1,NA,"1/27/20",52.63,"1/30/20",302.15,"2/3/20",2523.14,NA,NA,NA,NA,NA,NA,NA,NA,NA,NA,NA,"2/6/20",5,0,4123.56,NA,70,52,18,37,44,107,NA,NA,NA,"2 immature 2nds counted in num unem. some 2nd instars looked stuck in their cuticle",24,0,27,27,30,34,NA,NA,NA,0,0,37,NA,0,0,3,6,10,NA,13,NA,10,NA,0.654205607476635,0.411214953271028,13,4123.56,"em"
40,"para",30,"10","1/24/20",NA,"1/27/20",1,NA,"1/27/20",60.68,"1/30/20",231.03,"2/3/20",3125.77,"2/10/20",9746.83,"2/17/20",12103.88,"2/24/20",9426.34,"2/24/20",9426.34,NA,NA,NA,NA,NA,NA,NA,NA,0,NA,NA,NA,0,0,NA,NA,"did not shed fully at molt to 5th, removed cuticle from 5th-6th prolegs",NA,24,0,27,27,30,34,41,48,55,55,0,0,NA,0,0,3,6,10,NA,NA,31,NA,NA,0,0,31,9426.34,"cull"
41,"control",30,"0","1/24/20",NA,NA,NA,NA,"1/27/20",36.03,"1/29/20",212.38,"2/1/20",1709.2,NA,NA,NA,NA,NA,NA,NA,NA,NA,"2/4/20",10591.64,NA,NA,NA,NA,NA,0,NA,NA,NA,0,0,NA,NA,NA,NA,24,0,NA,27,29,32,NA,NA,NA,0,35,0,NA,0,0,3,5,8,11,NA,NA,NA,NA,0,0,11,10591.64,"wand"
42,"control",30,"10","1/24/20",NA,NA,NA,NA,"1/27/20",33.7,"1/29/20",185.8,"2/2/20",2758.71,NA,NA,NA,NA,NA,NA,NA,NA,NA,"2/6/20",9310.86,NA,NA,NA,NA,NA,0,NA,NA,NA,0,0,NA,NA,NA,NA,24,0,NA,27,29,33,NA,NA,NA,0,37,0,NA,0,0,3,5,9,13,NA,NA,NA,NA,0,0,13,9310.86,"wand"
43,"para",30,"0","1/24/20",NA,"1/27/20",1,NA,"1/27/20",35.91,"1/31/20",222.44,"2/4/20",1703.7,NA,NA,NA,NA,NA,NA,NA,NA,NA,NA,NA,"2/7/20",5,0,2957.79,"2/12/20",138,132,6,25,127,163,NA,NA,NA,"3 immature 2nds counted in num unem",24,0,27,27,31,35,NA,NA,NA,0,0,38,43,0,0,3,7,11,NA,14,NA,11,16,0.846625766871166,0.779141104294479,14,2957.79,"em"
44,"para",30,"10","1/24/20",NA,"1/27/20",1,NA,"1/27/20",52.76,"2/1/20",424.12,"2/7/20",1451.38,"2/14/20",8258.85,"2/21/20",8948.82,"2/28/20",6969.13,"2/28/20",6969.13,NA,NA,NA,NA,NA,NA,NA,NA,0,NA,NA,NA,0,0,NA,NA,"did not shed fully at molt to 5th, cuticle removed from 4th-6th prolegs 3 days after molt to 5th (2/10/20)",NA,24,0,27,27,32,38,45,52,59,59,0,0,NA,0,0,3,8,14,NA,NA,35,NA,NA,0,0,35,6969.13,"cull"
45,"control",30,"0","1/24/20",NA,NA,NA,NA,"1/27/20",43.05,"1/29/20",160.71,"2/1/20",1319.56,NA,NA,NA,NA,NA,NA,NA,NA,NA,"2/4/20",9849.35,NA,NA,NA,NA,NA,0,NA,NA,NA,0,0,NA,NA,NA,NA,24,0,NA,27,29,32,NA,NA,NA,0,35,0,NA,0,0,3,5,8,11,NA,NA,NA,NA,0,0,11,9849.35,"wand"
46,"control",30,"10","1/24/20",NA,NA,NA,NA,"1/27/20",54.94,"1/29/20",170.2,"2/3/20",1866.37,NA,NA,NA,NA,NA,NA,NA,NA,NA,"2/7/20",9351.54,NA,NA,NA,NA,NA,0,NA,NA,NA,0,0,NA,NA,"did not shed fully over prolegs at molt to 5th, removed cuticle from 4th-6th prolegs",NA,24,0,NA,27,29,34,NA,NA,NA,0,38,0,NA,0,0,3,5,10,14,NA,NA,NA,NA,0,0,14,9351.54,"wand"
47,"para",30,"0","1/24/20",NA,"1/27/20",1,NA,"1/27/20",48.04,"1/30/20",162.34,"2/3/20",1083.85,NA,NA,NA,NA,NA,NA,NA,NA,NA,NA,NA,"2/7/20",5,0,3697.77,"2/11/20",121,102,19,136,89,257,NA,NA,"did not shed fully over prolegs at molt to 5th, removed cuticle from 4th-6th prolegs","15 immature 2nds counted in num_unem. some 2nds looked stuck in their cuticle. many 2nds looked small even when mature",24,0,27,27,30,34,NA,NA,NA,0,0,38,42,0,0,3,6,10,NA,14,NA,11,15,0.470817120622568,0.346303501945525,14,3697.77,"em"
48,"para",30,"10","1/24/20",NA,"1/27/20",1,NA,"1/27/20",54.31,"2/1/20",358.08,"2/4/20",919.77,"2/11/20",5667.74,"2/18/20",7893.54,"2/25/20",5623.35,"2/25/20",5623.35,NA,NA,NA,NA,NA,NA,NA,NA,0,NA,NA,NA,0,0,NA,NA,"did not shed fully at molt to 5th, removed cuticle from all prolegs",NA,24,0,27,27,32,35,42,49,56,56,0,0,NA,0,0,3,8,11,NA,NA,32,NA,NA,0,0,32,5623.35,"cull"
50,"control",30,"10","1/24/20",NA,NA,NA,NA,"1/27/20",47.91,"1/30/20",498.9,"2/2/20",1388.63,NA,NA,NA,NA,NA,NA,NA,NA,NA,"2/7/20",8539.89,NA,NA,NA,NA,NA,0,NA,NA,NA,0,0,NA,NA,"did not shed fully, removed cuticle from all prolegs at molt to 5th",NA,24,0,NA,27,30,33,NA,NA,NA,0,38,0,NA,0,0,3,6,9,14,NA,NA,NA,NA,0,0,14,8539.89,"wand"
51,"para",30,"0","1/24/20",NA,"1/27/20",2,NA,"1/27/20",47.23,"1/30/20",184.3,"2/3/20",2453.42,NA,NA,NA,NA,NA,NA,NA,NA,NA,NA,NA,"2/7/20",5,0,5204.41,"2/11/20",155,111,44,112,92,267,NA,NA,NA,"10 immature 2nds counted in num unem. some 2nd instars looked stuck in their cuticle. at least 1 1st found",24,0,27,27,30,34,NA,NA,NA,0,0,38,42,0,0,3,6,10,NA,14,NA,11,15,0.580524344569288,0.344569288389513,14,5204.41,"em"
52,"para",30,"10","1/24/20",NA,"1/27/20",2,NA,"1/27/20",46.99,"1/30/20",163.02,"2/3/20",1135.28,"2/10/20",8477.04,"2/17/20",9273.35,"2/24/20",8030.15,"2/24/20",8030.15,NA,NA,NA,NA,NA,NA,NA,NA,0,NA,NA,NA,0,0,NA,NA,"did not shed fully at molt to 5th, removed cuticle from 4th-6th prolegs",NA,24,0,27,27,30,34,41,48,55,55,0,0,NA,0,0,3,6,10,NA,NA,31,NA,NA,0,0,31,8030.15,"cull"
53,"control",30,"0","1/24/20",NA,NA,NA,NA,"1/27/20",54.34,"1/29/20",258.02,"2/1/20",3218.89,NA,NA,NA,NA,NA,NA,NA,NA,NA,"2/4/20",9570.57,NA,NA,NA,NA,NA,0,NA,NA,NA,0,0,NA,NA,NA,NA,24,0,NA,27,29,32,NA,NA,NA,0,35,0,NA,0,0,3,5,8,11,NA,NA,NA,NA,0,0,11,9570.57,"wand"
56,"para",30,"10","1/24/20",NA,"1/27/20",1,NA,"1/27/20",49,"2/1/20",420.28,"2/4/20",842.39,"2/11/20",1965.35,NA,NA,NA,NA,"2/17/20",2422.06,NA,NA,NA,NA,NA,NA,NA,NA,0,NA,NA,NA,0,0,NA,NA,"did not shed fully at molt to 5th, could not remove cuticle. removed cuticle 6 days after molt to 5th, 2/10/20. close to death on 2/17/20, culled early. frozen for dissection",NA,24,0,27,27,32,35,42,NA,NA,48,0,0,NA,0,0,3,8,11,NA,NA,24,NA,NA,0,0,24,2422.06,"cull"
57,"para",30,"0","1/24/20",NA,"1/27/20",1,NA,"1/27/20",48.01,"1/30/20",210.17,"2/3/20",2423.37,NA,NA,NA,NA,NA,NA,NA,NA,NA,NA,NA,"2/6/20",5,0,4329.5,"2/10/20",113,104,9,90,73,203,NA,NA,NA,"1 immature 2nd counted in num unem. at least 1 1st found. some 2nd instars look stuck in their cuticle",24,0,27,27,30,34,NA,NA,NA,0,0,37,41,0,0,3,6,10,NA,13,NA,10,14,0.556650246305419,0.359605911330049,13,4329.5,"em"
59,"control",30,"0","1/24/20",NA,NA,NA,NA,"1/28/20",40.58,"1/30/20",286.3,"2/2/20",2181.83,NA,NA,NA,NA,NA,NA,NA,NA,NA,"2/5/20",8946.13,NA,NA,NA,NA,NA,0,NA,NA,NA,0,0,NA,NA,NA,NA,24,0,NA,28,30,33,NA,NA,NA,0,36,0,NA,0,0,4,6,9,12,NA,NA,NA,NA,0,0,12,8946.13,"wand"
60,"control",30,"10","1/24/20",NA,NA,NA,NA,"1/28/20",42.52,"1/30/20",216.33,"2/3/20",1776.6,NA,NA,NA,NA,NA,NA,NA,NA,NA,"2/8/20",10108.84,NA,NA,NA,NA,NA,0,NA,NA,NA,0,0,NA,NA,"did not shed fully over prolegs at molt to 5th, removed cuticle from 5th-6th prolegs",NA,24,0,NA,28,30,34,NA,NA,NA,0,39,0,NA,0,0,4,6,10,15,NA,NA,NA,NA,0,0,15,10108.84,"wand"
61,"para",30,"0","1/24/20",NA,"1/28/20",1,NA,"1/28/20",54.58,"1/30/20",196.16,"2/3/20",1967.79,NA,NA,NA,NA,NA,NA,NA,NA,NA,NA,NA,"2/7/20",5,0,4749.87,"2/10/20",122,111,11,89,94,211,NA,NA,NA,"12 immature 2nds counted in num unem . some 2nds look stuck in their cuticle. at least 3-4 1st instars found",24,0,28,28,30,34,NA,NA,NA,0,0,38,41,0,0,4,6,10,NA,14,NA,10,13,0.578199052132701,0.445497630331754,14,4749.87,"em"
62,"para",30,"10","1/24/20",NA,"1/28/20",1,NA,"1/28/20",62.1,"1/31/20",163.88,"2/4/20",1326.19,"2/11/20",9575.73,NA,NA,NA,NA,NA,NA,NA,"2/15/20",8736.76,NA,NA,NA,NA,NA,0,NA,NA,NA,0,0,NA,NA,"did not shed fully at molt to 5th, removed cuticle from 4th-6th prolegs. wandered 2/15/20, frozen at -80 for katherine to test",NA,24,0,28,28,31,35,42,NA,NA,0,46,0,NA,0,0,4,7,11,22,NA,NA,NA,NA,0,0,22,8736.76,"wand"
63,"control",30,"0","1/24/20",NA,NA,NA,NA,"1/28/20",45.94,"1/30/20",248.96,"2/2/20",2022.59,NA,NA,NA,NA,NA,NA,NA,NA,NA,"2/5/20",11007.87,NA,NA,NA,NA,NA,0,NA,NA,NA,0,0,NA,NA,NA,NA,24,0,NA,28,30,33,NA,NA,NA,0,36,0,NA,0,0,4,6,9,12,NA,NA,NA,NA,0,0,12,11007.87,"wand"
64,"control",30,"10","1/24/20",NA,NA,NA,NA,"1/28/20",64.64,"1/30/20",286.47,"2/3/20",2120.43,NA,NA,NA,NA,NA,NA,NA,NA,NA,"2/8/20",12180.9,NA,NA,NA,NA,NA,0,NA,NA,NA,0,0,NA,NA,NA,NA,24,0,NA,28,30,34,NA,NA,NA,0,39,0,NA,0,0,4,6,10,15,NA,NA,NA,NA,0,0,15,12180.9,"wand"
65,"para",30,"0","1/24/20",NA,"1/28/20",2,NA,"1/28/20",56.35,"1/30/20",222.29,"2/3/20",2268.18,NA,NA,NA,NA,NA,NA,NA,NA,NA,NA,NA,"2/7/20",5,0,5082.67,"2/10/20",67,60,7,146,54,213,NA,NA,"weighed 2 days after freezing because mass em not recorded","44 immature 2nds, counted in num unem. some 2nds looked stuck in their cuticle",24,0,28,28,30,34,NA,NA,NA,0,0,38,41,0,0,4,6,10,NA,14,NA,10,13,0.314553990610329,0.253521126760563,14,5082.67,"em"
66,"para",30,"10","1/24/20",NA,"1/28/20",1,NA,"1/28/20",43.22,"2/1/20",687.19,"2/4/20",1936.07,"2/11/20",11277.32,"2/18/20",14677.42,"2/25/20",12389.51,"2/25/20",12389.51,NA,NA,NA,NA,NA,NA,NA,NA,0,NA,NA,NA,0,0,NA,NA,"did not shed fully at molt to 5th, removed cuticle from 4th-6th prolegs",NA,24,0,28,28,32,35,42,49,56,56,0,0,NA,0,0,4,8,11,NA,NA,32,NA,NA,0,0,32,12389.51,"cull"
67,"control",30,"0","1/24/20",NA,NA,NA,NA,"1/28/20",35.47,"1/31/20",186.86,"2/4/20",2119.96,NA,NA,NA,NA,NA,NA,NA,NA,NA,"2/7/20",9742.65,NA,NA,NA,NA,NA,0,NA,NA,NA,0,0,NA,NA,NA,NA,24,0,NA,28,31,35,NA,NA,NA,0,38,0,NA,0,0,4,7,11,14,NA,NA,NA,NA,0,0,14,9742.65,"wand"
68,"control",30,"10","1/24/20",NA,NA,NA,NA,"1/28/20",53.88,"1/30/20",310.57,"2/3/20",1841.42,NA,NA,NA,NA,NA,NA,NA,NA,NA,"2/8/20",8864.74,NA,NA,NA,NA,NA,0,NA,NA,NA,0,0,NA,NA,NA,NA,24,0,NA,28,30,34,NA,NA,NA,0,39,0,NA,0,0,4,6,10,15,NA,NA,NA,NA,0,0,15,8864.74,"wand"
69,"para",30,"0","1/24/20",NA,"1/28/20",2,NA,"1/28/20",69.38,"1/31/20",229.72,"2/6/20",2345.18,NA,NA,NA,NA,NA,NA,NA,NA,NA,NA,NA,"2/10/20",5,0,5523.87,"2/14/20",114,101,13,232,82,346,NA,NA,NA,"87 immature 2nds, counted in num unem. some 2nds looked stuck in their cuticle. at least 1 first instar found. maybe 1 mel plaque",24,0,28,28,31,37,NA,NA,NA,0,0,41,45,0,0,4,7,13,NA,17,NA,13,17,0.329479768786127,0.236994219653179,17,5523.87,"em"
70,"para",30,"10","1/24/20",NA,"1/28/20",1,NA,"1/28/20",41.43,"2/2/20",194.29,"2/7/20",1582.37,"2/14/20",8709.73,"2/21/20",11071.4,"2/28/20",9069.18,"2/28/20",9069.18,NA,NA,NA,NA,NA,NA,NA,NA,0,NA,NA,NA,0,0,NA,NA,"did not shed fully at molt to 5th, cuticle removed from 4th-6th prolegs 3 days after molt to 5th (2/10/20)",NA,24,0,28,28,33,38,45,52,59,59,0,0,NA,0,0,4,9,14,NA,NA,35,NA,NA,0,0,35,9069.18,"cull"
71,"control",30,"0","1/24/20",NA,NA,NA,NA,"1/28/20",57.79,"1/30/20",350.41,"2/1/20",1477.34,NA,NA,NA,NA,NA,NA,NA,NA,NA,"2/5/20",10887.09,NA,NA,NA,NA,NA,0,NA,NA,NA,0,0,NA,NA,NA,NA,24,0,NA,28,30,32,NA,NA,NA,0,36,0,NA,0,0,4,6,8,12,NA,NA,NA,NA,0,0,12,10887.09,"wand"
72,"control",30,"10","1/24/20",NA,NA,NA,NA,"1/28/20",73.34,"1/30/20",425.24,"2/3/20",2733.64,NA,NA,NA,NA,NA,NA,NA,NA,NA,"2/8/20",10306.74,NA,NA,NA,NA,NA,0,NA,NA,NA,0,0,NA,NA,NA,NA,24,0,NA,28,30,34,NA,NA,NA,0,39,0,NA,0,0,4,6,10,15,NA,NA,NA,NA,0,0,15,10306.74,"wand"
73,"para",30,"0","1/24/20",NA,"1/28/20",1,NA,"1/28/20",67.49,"1/30/20",232.66,"2/3/20",1839.34,NA,NA,NA,NA,NA,NA,NA,NA,NA,NA,NA,"2/7/20",5,0,4089.74,"2/10/20",123,93,30,48,87,171,NA,NA,NA,"2 immature 2nd instars counted in num unem",24,0,28,28,30,34,NA,NA,NA,0,0,38,41,0,0,4,6,10,NA,14,NA,10,13,0.719298245614035,0.508771929824561,14,4089.74,"em"
74,"para",30,"10","1/24/20",NA,"1/28/20",2,NA,"1/28/20",67.25,"1/30/20",193.93,"2/3/20",1264.02,"2/10/20",3904.85,"2/17/20",5090.44,"2/24/20",4748.11,"2/24/20",4748.11,NA,NA,NA,NA,NA,NA,NA,NA,0,NA,NA,NA,0,0,NA,NA,"did not shed fully at molt to 5th, removed cuticle from all prolegs",NA,24,0,28,28,30,34,41,48,55,55,0,0,NA,0,0,4,6,10,NA,NA,31,NA,NA,0,0,31,4748.11,"cull"
76,"control",30,"10","1/24/20",NA,NA,NA,NA,"1/28/20",31.94,"1/30/20",168.96,"2/3/20",1324.6,NA,NA,NA,NA,NA,NA,NA,NA,NA,"2/8/20",7305.7,NA,NA,NA,NA,NA,0,NA,NA,NA,0,0,NA,NA,"did not shed fully at molt to 5th, removed cuticle from 4th-6th prolegs",NA,24,0,NA,28,30,34,NA,NA,NA,0,39,0,NA,0,0,4,6,10,15,NA,NA,NA,NA,0,0,15,7305.7,"wand"
77,"para",30,"0","1/24/20",NA,"1/28/20",2,NA,"1/28/20",60.99,"1/31/20",211.08,"2/4/20",2237.03,NA,NA,NA,NA,NA,NA,NA,NA,NA,NA,NA,"2/8/20",5,0,4691.96,"2/12/20",138,103,35,93,76,231,NA,1,"was left out at room temperature for 24 hours 1 day after wasp emergence","some 2nds looked stuck in their cuticle",24,0,28,28,31,35,NA,NA,NA,0,0,39,43,0,0,4,7,11,NA,15,NA,11,15,0.597402597402597,0.329004329004329,15,4691.96,"em"
79,"control",30,"0","1/24/20",NA,NA,NA,NA,"1/28/20",60.08,"1/30/20",370.88,"2/1/20",1652.04,NA,NA,NA,NA,NA,NA,NA,NA,NA,"2/5/20",13388.28,NA,NA,NA,NA,NA,0,NA,NA,NA,0,0,NA,NA,NA,NA,24,0,NA,28,30,32,NA,NA,NA,0,36,0,NA,0,0,4,6,8,12,NA,NA,NA,NA,0,0,12,13388.28,"wand"
80,"control",30,"10","1/24/20",NA,NA,NA,NA,"1/28/20",73.89,"1/30/20",309.15,"2/2/20",1647.22,NA,NA,NA,NA,NA,NA,NA,NA,NA,"2/7/20",8242.48,NA,NA,NA,NA,NA,0,NA,NA,NA,0,0,NA,NA,"did not shed fully at molt to 5th, removed cuticle from 4-6th prolegs",NA,24,0,NA,28,30,33,NA,NA,NA,0,38,0,NA,0,0,4,6,9,14,NA,NA,NA,NA,0,0,14,8242.48,"wand"
81,"para",30,"0","1/24/20",NA,"1/28/20",1,NA,"1/28/20",47.57,"1/31/20",244.92,"2/3/20",1452.61,NA,NA,NA,NA,NA,NA,NA,NA,NA,NA,NA,"2/7/20",5,0,3067.76,"2/10/20",73,66,7,47,55,120,NA,NA,NA,"4 immature 2nds counted in num unem. some 2nds look stuck in their cuticle",24,0,28,28,31,34,NA,NA,NA,0,0,38,41,0,0,4,7,10,NA,14,NA,10,13,0.608333333333333,0.458333333333333,14,3067.76,"em"
83,"control",30,"0","1/24/20",NA,NA,NA,NA,"1/28/20",75.22,"1/30/20",199.86,"2/2/20",2146.71,NA,NA,NA,NA,NA,NA,NA,NA,NA,"2/5/20",9233.77,NA,NA,NA,NA,NA,0,NA,NA,NA,0,0,NA,NA,NA,NA,24,0,NA,28,30,33,NA,NA,NA,0,36,0,NA,0,0,4,6,9,12,NA,NA,NA,NA,0,0,12,9233.77,"wand"
84,"control",30,"10","1/24/20",NA,NA,NA,NA,"1/28/20",44.58,"1/30/20",228.21,"2/3/20",1493.61,NA,NA,NA,NA,NA,NA,NA,NA,NA,"2/8/20",8117.48,NA,NA,NA,NA,NA,0,NA,NA,NA,0,0,NA,NA,"did not shed fully at molt to 5th, removed cuticle from 4th-6th prolegs",NA,24,0,NA,28,30,34,NA,NA,NA,0,39,0,NA,0,0,4,6,10,15,NA,NA,NA,NA,0,0,15,8117.48,"wand"
85,"para",30,"0","1/24/20",NA,"1/28/20",2,NA,"1/28/20",57.83,"1/31/20",108.1,"2/4/20",1603.51,NA,NA,NA,NA,NA,NA,NA,NA,NA,NA,NA,"2/8/20",5,1,3924.36,"2/12/20",78,63,15,153,57,231,NA,1,"was left out at room temperature for 24 hours 1 day after wasp emergence","6 immature 2nds counted in num unem. some 2nds look stuck in their cuticle",24,0,28,28,31,35,NA,NA,NA,0,0,39,43,0,0,4,7,11,NA,15,NA,11,15,0.337662337662338,0.246753246753247,15,3924.36,"em"
86,"para",30,"10","1/24/20",NA,"1/28/20",1,NA,"1/28/20",67.91,"2/1/20",575.05,"2/5/20",2133.84,"2/12/20",6071.88,NA,NA,NA,NA,"2/16/20",6041.53,NA,NA,NA,NA,NA,NA,NA,NA,0,NA,NA,NA,0,0,NA,NA,"close to death before p5.2, culled and weighed on 2/16/20",NA,24,0,28,28,32,36,43,NA,NA,47,0,0,NA,0,0,4,8,12,NA,NA,23,NA,NA,0,0,23,6041.53,"cull"
87,"control",30,"0","1/24/20",NA,NA,NA,NA,"1/28/20",35.16,"1/30/20",209.81,"2/2/20",1564.43,NA,NA,NA,NA,NA,NA,NA,NA,NA,"2/5/20",9549.83,NA,NA,NA,NA,NA,0,NA,NA,NA,0,0,NA,NA,NA,NA,24,0,NA,28,30,33,NA,NA,NA,0,36,0,NA,0,0,4,6,9,12,NA,NA,NA,NA,0,0,12,9549.83,"wand"
88,"control",30,"10","1/24/20",NA,NA,NA,NA,"1/28/20",34.2,"1/30/20",222.42,"2/3/20",1525.1,NA,NA,NA,NA,NA,NA,NA,NA,NA,"2/8/20",8167.63,NA,NA,NA,NA,NA,0,NA,NA,NA,0,0,NA,NA,NA,NA,24,0,NA,28,30,34,NA,NA,NA,0,39,0,NA,0,0,4,6,10,15,NA,NA,NA,NA,0,0,15,8167.63,"wand"
89,"para",30,"0","1/24/20",NA,"1/28/20",1,NA,"1/28/20",62.33,"1/31/20",208.07,"2/4/20",2286.55,NA,NA,NA,NA,NA,NA,NA,NA,NA,NA,NA,"2/7/20",5,0,4541.29,"2/12/20",165,156,9,77,134,242,NA,NA,NA,"5 immature 2nds, counted in num unem. some 2nd instars looked stuck in their cuticle",24,0,28,28,31,35,NA,NA,NA,0,0,38,43,0,0,4,7,11,NA,14,NA,10,15,0.681818181818182,0.553719008264463,14,4541.29,"em"
91,"control",30,"0","1/24/20",NA,NA,NA,NA,"1/28/20",30.14,"1/30/20",143.43,"2/3/20",2903.52,NA,NA,NA,NA,NA,NA,NA,NA,NA,"2/6/20",10861.44,NA,NA,NA,NA,NA,0,NA,NA,NA,0,0,NA,NA,NA,NA,24,0,NA,28,30,34,NA,NA,NA,0,37,0,NA,0,0,4,6,10,13,NA,NA,NA,NA,0,0,13,10861.44,"wand"
92,"control",30,"10","1/24/20",NA,NA,NA,NA,"1/28/20",27.47,"1/30/20",160.01,"2/5/20",1259.66,NA,NA,NA,NA,NA,NA,NA,NA,NA,"2/12/20",6189.87,NA,NA,NA,NA,NA,0,NA,NA,NA,0,0,NA,NA,"did not shed fully at molt to 5th, removed cuticle from 4th-6th prolegs",NA,24,0,NA,28,30,36,NA,NA,NA,0,43,0,NA,0,0,4,6,12,19,NA,NA,NA,NA,0,0,19,6189.87,"wand"
93,"para",30,"0","1/24/20",NA,"1/28/20",1,NA,"1/28/20",43.76,"1/31/20",124.23,"2/4/20",1809.97,NA,NA,NA,NA,NA,NA,NA,NA,NA,NA,NA,"2/7/20",5,0,2284.08,"2/11/20",75,55,20,79,41,154,NA,NA,NA,"16 immature 2nds counted in num unem.",24,0,28,28,31,35,NA,NA,NA,0,0,38,42,0,0,4,7,11,NA,14,NA,10,14,0.487012987012987,0.266233766233766,14,2284.08,"em"
95,"control",30,"0","1/24/20",NA,NA,NA,NA,"1/28/20",45.56,"1/30/20",234.22,"2/2/20",3098.14,NA,NA,NA,NA,NA,NA,NA,NA,NA,"2/5/20",9856.63,NA,NA,NA,NA,NA,0,NA,NA,NA,0,0,NA,NA,NA,NA,24,0,NA,28,30,33,NA,NA,NA,0,36,0,NA,0,0,4,6,9,12,NA,NA,NA,NA,0,0,12,9856.63,"wand"
97,"para",30,"0","1/24/20",NA,"1/28/20",1,NA,"1/28/20",67.53,"2/1/20",97.41,"2/6/20",637.03,NA,NA,NA,NA,NA,NA,NA,NA,NA,NA,NA,"2/10/20",5,0,1381.12,"2/14/20",56,36,20,56,29,112,NA,NA,NA,"21 immature 2nds, counted in num unem. some 2nds looked stuck in their cuticle. at least 1 1st instar found",24,0,28,28,32,37,NA,NA,NA,0,0,41,45,0,0,4,8,13,NA,17,NA,13,17,0.5,0.258928571428571,17,1381.12,"em"
99,"para",30,"0","1/24/20",NA,"1/28/20",1,NA,"1/28/20",67.18,"1/31/20",154.25,"2/4/20",1492.89,NA,NA,NA,NA,NA,NA,NA,NA,NA,NA,NA,"2/8/20",5,0,3219.96,"2/12/20",89,65,24,81,55,170,NA,1,"was left out at room temperature for 24 hours 1 day after wasp emergence","29 immature 2nd instars counted in num unem. some 2nds seem stuck in their cuticle",24,0,28,28,31,35,NA,NA,NA,0,0,39,43,0,0,4,7,11,NA,15,NA,11,15,0.523529411764706,0.323529411764706,15,3219.96,"em"
101,"control",30,"0","1/24/20",NA,NA,NA,NA,"1/28/20",58.23,"1/30/20",240.72,"2/2/20",1854.93,NA,NA,NA,NA,NA,NA,NA,NA,NA,"2/6/20",11613.86,NA,NA,NA,NA,NA,0,NA,NA,NA,0,0,NA,NA,NA,NA,24,0,NA,28,30,33,NA,NA,NA,0,37,0,NA,0,0,4,6,9,13,NA,NA,NA,NA,0,0,13,11613.86,"wand"
102,"control",30,"10","1/24/20",NA,NA,NA,NA,"1/28/20",66.57,"1/31/20",263.7,"2/4/20",2149.52,NA,NA,NA,NA,NA,NA,NA,NA,NA,"2/9/20",7090.89,NA,NA,NA,NA,NA,0,NA,NA,NA,0,0,NA,NA,"did not shed fully at molt to 5th, removed cuticle from 5th-6th prolegs",NA,24,0,NA,28,31,35,NA,NA,NA,0,40,0,NA,0,0,4,7,11,16,NA,NA,NA,NA,0,0,16,7090.89,"wand"
103,"para",30,"0","1/24/20",NA,"1/28/20",1,NA,"1/28/20",61.47,"1/31/20",206.14,"2/4/20",1618.13,NA,NA,NA,NA,NA,NA,NA,NA,NA,NA,NA,"2/8/20",5,0,1825.64,"2/13/20",67,65,2,69,57,136,NA,1,"was left out at room temperature for 24 hours 1 day after wasp emergence","27 immature 2nds, counted in num_unem. lots of 1sts, at least 10-15. some 2nds looked stuck in cuticle",24,0,28,28,31,35,NA,NA,NA,0,0,39,44,0,0,4,7,11,NA,15,NA,11,16,0.492647058823529,0.419117647058824,15,1825.64,"em"
104,"para",30,"10","1/24/20",NA,"1/28/20",2,NA,"1/28/20",62.98,"2/1/20",388.82,"2/5/20",1739.22,"2/12/20",5357.97,NA,NA,NA,NA,"2/16/20",5029.28,NA,NA,NA,NA,NA,NA,NA,NA,0,NA,NA,NA,0,0,NA,NA,"did not shed fully at molt to 5th, removed cuticle from 4th-6th prolegs. almost dead before p5.2, weighed and culled early 2/16/20",NA,24,0,28,28,32,36,43,NA,NA,47,0,0,NA,0,0,4,8,12,NA,NA,23,NA,NA,0,0,23,5029.28,"cull"
105,"control",30,"0","1/25/20",NA,NA,NA,NA,"1/29/20",68.19,"1/31/20",220.28,"2/4/20",3616.65,NA,NA,NA,NA,NA,NA,NA,NA,NA,"2/7/20",9581.33,NA,NA,NA,NA,NA,0,NA,NA,NA,0,0,NA,NA,NA,NA,25,0,NA,29,31,35,NA,NA,NA,0,38,0,NA,0,0,4,6,10,13,NA,NA,NA,NA,0,0,13,9581.33,"wand"
106,"control",30,"10","1/25/20",NA,NA,NA,NA,"1/29/20",44.34,"2/1/20",281.04,"2/5/20",1710.65,NA,NA,NA,NA,NA,NA,NA,NA,NA,"2/12/20",8617.27,NA,NA,NA,NA,NA,0,NA,NA,NA,0,0,NA,NA,"did not shed fully at molt to 5th, removed cuticle from all prolegs",NA,25,0,NA,29,32,36,NA,NA,NA,0,43,0,NA,0,0,4,7,11,18,NA,NA,NA,NA,0,0,18,8617.27,"wand"
107,"para",30,"0","1/25/20",NA,"1/29/20",1,NA,"1/29/20",51.67,"2/1/20",141.25,"2/4/20",854.46,NA,NA,NA,NA,NA,NA,NA,NA,NA,NA,NA,"2/8/20",5,0,NA,"2/13/20",71,62,9,21,55,92,NA,1,"was left out at room temperature for 24 hours immediately after wasp emergence",NA,25,0,29,29,32,35,NA,NA,NA,0,0,39,44,0,0,4,7,10,NA,14,NA,10,15,0.771739130434783,0.597826086956522,14,NA,"em"
108,"para",30,"10","1/25/20",NA,"1/29/20",1,NA,"1/29/20",36.92,"2/1/20",174.88,"2/5/20",1186.61,"2/12/20",10022.96,"2/19/20",10612.72,NA,NA,NA,NA,NA,"2/19/20",10612.72,NA,NA,NA,NA,NA,0,NA,NA,NA,0,0,NA,NA,"did not shed fully at molt to 5th, removed cuticle from 4th-6th prolegs. wandered at p5.2 (2/19/20). Frozen at -80 for future analyses",NA,25,0,29,29,32,36,43,50,NA,0,50,0,NA,0,0,4,7,11,25,NA,NA,NA,NA,0,0,25,10612.72,"wand"
109,"control",30,"0","1/25/20",NA,NA,NA,NA,"1/29/20",37.79,"2/1/20",652.51,"2/4/20",3686.98,NA,NA,NA,NA,NA,NA,NA,NA,NA,"2/7/20",11844.7,NA,NA,NA,NA,NA,0,NA,NA,NA,0,0,NA,NA,NA,NA,25,0,NA,29,32,35,NA,NA,NA,0,38,0,NA,0,0,4,7,10,13,NA,NA,NA,NA,0,0,13,11844.7,"wand"
110,"control",30,"10","1/25/20",NA,NA,NA,NA,"1/29/20",64.41,"1/31/20",187.51,"2/4/20",1244.73,NA,NA,NA,NA,NA,NA,NA,NA,NA,"2/18/20",3357.48,NA,NA,NA,NA,NA,0,NA,NA,NA,0,0,NA,NA,"did not shed fully at molt to 5th, removed cuticle from 4th-6th prolegs",NA,25,0,NA,29,31,35,NA,NA,NA,0,49,0,NA,0,0,4,6,10,24,NA,NA,NA,NA,0,0,24,3357.48,"wand"
111,"para",30,"0","1/25/20",NA,"1/29/20",2,NA,"1/29/20",66.26,"2/2/20",194.44,NA,NA,NA,NA,NA,NA,NA,NA,NA,NA,NA,NA,NA,"2/7/20",4,0,795.61,"2/11/20",33,31,2,1,30,34,NA,NA,NA,NA,25,0,29,29,33,NA,NA,NA,NA,0,0,38,42,0,NA,4,8,NA,NA,13,NA,9,13,0.970588235294118,0.882352941176471,13,795.61,"em"
112,"para",30,"10","1/25/20",NA,"1/29/20",1,NA,"1/29/20",41.03,"2/2/20",78.91,"2/7/20",692,"2/14/20",2371.31,"2/21/20",1435.3,NA,NA,"2/25/20",1189.87,NA,NA,NA,NA,NA,NA,NA,NA,0,NA,NA,NA,0,0,NA,NA,"head capsule damaged at ovp. molted to 6th 2/17/20. mass: 1857.85. did not molt well, could not remove cuticle over whole body. . sickly on 2/25/20. culled early",NA,25,0,29,29,33,38,45,52,NA,56,0,0,NA,0,0,4,8,13,NA,NA,31,NA,NA,0,0,31,1189.87,"cull"
113,"control",30,"0","1/25/20",NA,NA,NA,NA,"1/29/20",51.95,"1/31/20",205.96,"2/4/20",3812.41,NA,NA,NA,NA,NA,NA,NA,NA,NA,"2/7/20",10380.05,NA,NA,NA,NA,NA,0,NA,NA,NA,0,0,NA,NA,NA,NA,25,0,NA,29,31,35,NA,NA,NA,0,38,0,NA,0,0,4,6,10,13,NA,NA,NA,NA,0,0,13,10380.05,"wand"
115,"para",30,"0","1/25/20",NA,"1/29/20",1,NA,"1/29/20",47.73,"2/1/20",147.11,"2/5/20",1797.24,NA,NA,NA,NA,NA,NA,NA,NA,NA,NA,NA,"2/8/20",5,0,3239.82,"2/13/20",156,150,6,30,135,186,NA,1,"was left out at room temperature for 24 hours 1 day after wasp emergence",NA,25,0,29,29,32,36,NA,NA,NA,0,0,39,44,0,0,4,7,11,NA,14,NA,10,15,0.838709677419355,0.725806451612903,14,3239.82,"em"
117,"control",30,"0","1/25/20",NA,NA,NA,NA,"1/29/20",54.7,"1/31/20",199.04,"2/3/20",2728.82,NA,NA,NA,NA,NA,NA,NA,NA,NA,"2/6/20",11222.36,NA,NA,NA,NA,NA,0,NA,NA,NA,0,0,NA,NA,NA,NA,25,0,NA,29,31,34,NA,NA,NA,0,37,0,NA,0,0,4,6,9,12,NA,NA,NA,NA,0,0,12,11222.36,"wand"
118,"control",30,"10","1/25/20",NA,NA,NA,NA,"1/29/20",50.11,"2/1/20",451.67,"2/5/20",2038.72,NA,NA,NA,NA,NA,NA,NA,NA,NA,"2/11/20",9001.38,NA,NA,NA,NA,NA,0,NA,NA,NA,0,0,NA,NA,"did not shed fully at molt to 5th, removed cuticle from 4th-6th prolegs",NA,25,0,NA,29,32,36,NA,NA,NA,0,42,0,NA,0,0,4,7,11,17,NA,NA,NA,NA,0,0,17,9001.38,"wand"
119,"para",30,"0","1/25/20",NA,"1/29/20",1,NA,"1/29/20",34.1,"2/2/20",104.68,"2/6/20",750.96,NA,NA,NA,NA,NA,NA,NA,NA,NA,NA,NA,"2/10/20",5,0,3305.99,"2/15/20",130,121,9,35,0,165,NA,NA,NA,"13 immature 2nd instars, counted in num unem. at least 2 1st instars found",25,0,29,29,33,37,NA,NA,NA,0,0,41,46,0,0,4,8,12,NA,16,NA,12,17,0.787878787878788,0,16,3305.99,"em"
120,"para",30,"10","1/25/20",NA,"1/29/20",2,NA,"1/29/20",58.75,"2/1/20",192.06,"2/5/20",1276.23,"2/12/20",2643.41,NA,NA,NA,NA,"2/16/20",2135.25,NA,NA,NA,NA,NA,NA,NA,NA,0,NA,NA,NA,0,0,NA,NA,"close to death before p5.2, culled and weighed 2/16/20. frozen for dissection",NA,25,0,29,29,32,36,43,NA,NA,47,0,0,NA,0,0,4,7,11,NA,NA,22,NA,NA,0,0,22,2135.25,"cull"
121,"control",30,"0","1/25/20",NA,NA,NA,NA,"1/29/20",40.18,"2/1/20",490.36,"2/4/20",1402.46,NA,NA,NA,NA,NA,NA,NA,NA,NA,"2/7/20",7948.75,NA,NA,NA,NA,NA,0,NA,NA,NA,0,0,NA,NA,NA,NA,25,0,NA,29,32,35,NA,NA,NA,0,38,0,NA,0,0,4,7,10,13,NA,NA,NA,NA,0,0,13,7948.75,"wand"
122,"control",30,"10","1/25/20",NA,NA,NA,NA,"1/29/20",41.28,"2/1/20",372.99,"2/5/20",1693.75,NA,NA,NA,NA,NA,NA,NA,NA,NA,"2/10/20",8421.48,NA,NA,NA,NA,NA,0,NA,NA,NA,0,0,NA,NA,"did not shed fully at molt to 5th, removed cuticle from all prolegs",NA,25,0,NA,29,32,36,NA,NA,NA,0,41,0,NA,0,0,4,7,11,16,NA,NA,NA,NA,0,0,16,8421.48,"wand"
123,"para",30,"0","1/25/20",NA,"1/29/20",1,NA,"1/29/20",62.92,"2/1/20",326.67,"2/4/20",1918.04,NA,NA,NA,NA,NA,NA,NA,NA,NA,NA,NA,"2/8/20",5,0,3870.92,"2/12/20",100,59,41,33,33,133,NA,1,"was left out at room temperature for 24 hours 1 day after wasp emergence","1 immature 2nd counted in num unem. some 2nd instars look stuck in their cuticle",25,0,29,29,32,35,NA,NA,NA,0,0,39,43,0,0,4,7,10,NA,14,NA,10,14,0.75187969924812,0.24812030075188,14,3870.92,"em"
124,"para",30,"10","1/25/20",NA,"1/29/20",1,NA,"1/29/20",53.55,"2/2/20",197.38,"2/7/20",1468.38,"2/14/20",8737.58,NA,NA,NA,NA,NA,NA,NA,"2/19/20",8701.61,NA,NA,NA,NA,NA,0,NA,NA,NA,0,0,NA,NA,"did not shed fully at molt to 5th, cuticle removed from 4th-6th prolegs 3 days after molt to 5th (2/10/20). wandered 2/19/20. Put in pupe box to see if it pupates. pupated 2/24/20, but did not pupate well and did not fully shed larval cuticle (not really larval pupal intermediate). Took pictures. Kept to see if it ecloses",NA,25,0,29,29,33,38,45,NA,NA,0,50,0,NA,0,0,4,8,13,25,NA,NA,NA,NA,0,0,25,8701.61,"wand"
125,"control",30,"0","1/25/20",NA,NA,NA,NA,"1/29/20",37.59,"2/1/20",183.54,"2/5/20",2184.28,NA,NA,NA,NA,NA,NA,NA,NA,NA,"2/8/20",10378.19,NA,NA,NA,NA,NA,0,NA,NA,NA,0,0,NA,NA,NA,NA,25,0,NA,29,32,36,NA,NA,NA,0,39,0,NA,0,0,4,7,11,14,NA,NA,NA,NA,0,0,14,10378.19,"wand"
126,"control",30,"10","1/25/20",NA,NA,NA,NA,"1/29/20",65.33,"1/31/20",228.65,"2/4/20",1617.15,NA,NA,NA,NA,NA,NA,NA,NA,NA,"2/9/20",7620.37,NA,NA,NA,NA,NA,0,NA,NA,NA,0,0,NA,NA,"did not shed fully at molt to 5th, removed cuticle from 4th-6th prolegs",NA,25,0,NA,29,31,35,NA,NA,NA,0,40,0,NA,0,0,4,6,10,15,NA,NA,NA,NA,0,0,15,7620.37,"wand"
127,"para",30,"0","1/25/20",NA,"1/29/20",1,NA,"1/29/20",71.42,"2/1/20",156.02,"2/5/20",1734.54,"2/12/20",11434.56,"2/19/20",11880.13,"2/26/20",10598.25,"2/26/20",10598.25,NA,NA,NA,NA,NA,NA,NA,NA,0,NA,NA,NA,0,0,NA,NA,NA,NA,25,0,29,29,32,36,43,50,57,57,0,0,NA,0,0,4,7,11,NA,NA,32,NA,NA,0,0,32,10598.25,"cull"
128,"para",30,"10","1/25/20",NA,"1/29/20",1,NA,"1/29/20",50.52,"2/2/20",255.03,"2/6/20",1155.49,"2/13/20",9158.74,"2/20/20",10608.32,NA,NA,NA,NA,NA,"2/26/20",9311.78,NA,NA,NA,NA,NA,0,NA,NA,NA,0,0,NA,NA,"did not shed fully at molt to 5th, removed cuticle from 4th-6th prolegs. wandered 2/26/20, frozen for Katherine to test",NA,25,0,29,29,33,37,44,51,NA,0,57,0,NA,0,0,4,8,12,32,NA,NA,NA,NA,0,0,32,9311.78,"wand"
129,"control",30,"0","1/25/20",NA,NA,NA,NA,"1/29/20",30.3,"2/1/20",191.63,"2/5/20",3263.38,NA,NA,NA,NA,NA,NA,NA,NA,NA,"2/8/20",10043.87,NA,NA,NA,NA,NA,0,NA,NA,NA,0,0,NA,NA,NA,NA,25,0,NA,29,32,36,NA,NA,NA,0,39,0,NA,0,0,4,7,11,14,NA,NA,NA,NA,0,0,14,10043.87,"wand"
130,"control",30,"10","1/25/20",NA,NA,NA,NA,"1/29/20",68.23,"1/31/20",204.54,"2/4/20",1811.26,NA,NA,NA,NA,NA,NA,NA,NA,NA,"2/14/20",5625.1,NA,NA,NA,NA,NA,0,NA,NA,NA,0,0,NA,NA,"did not shed fully at molt to 5th, removed cuticle from 4th-6th prolegs",NA,25,0,NA,29,31,35,NA,NA,NA,0,45,0,NA,0,0,4,6,10,20,NA,NA,NA,NA,0,0,20,5625.1,"wand"
131,"para",30,"0","1/25/20",NA,"1/29/20",1,NA,"1/29/20",35.39,"2/2/20",186.66,"2/6/20",1996.24,NA,NA,NA,NA,NA,NA,NA,NA,NA,NA,NA,"2/9/20",5,0,3649.91,"2/14/20",94,76,18,60,53,154,NA,1,"was left out at room temperature for 24 hours immediately after wasp emergence","3 immature 2nds counted in num unem. some 2nds looked stuck in their cuticle",25,0,29,29,33,37,NA,NA,NA,0,0,40,45,0,0,4,8,12,NA,15,NA,11,16,0.61038961038961,0.344155844155844,15,3649.91,"em"
132,"para",30,"10","1/25/20",NA,"1/29/20",1,NA,"1/29/20",34.56,"2/2/20",94.87,"2/6/20",647.97,"2/13/20",5091.14,"2/20/20",14848.53,"2/27/20",15803.33,"2/27/20",15803.33,NA,NA,NA,NA,NA,NA,NA,NA,0,NA,NA,NA,0,0,NA,NA,"did not shed fully at molt to 5th, removed cuticle from 4th-6th prolegs. molted to 6th 2/12/20. Mass: 3100.97. did not shed fully at molt to 6th. removed cuticle from 4th-6th prolegs after molt to 6th",NA,25,0,29,29,33,37,44,51,58,58,0,0,NA,0,0,4,8,12,NA,NA,33,NA,NA,0,0,33,15803.33,"cull"
133,"control",30,"0","1/25/20",NA,NA,NA,NA,"1/29/20",30.61,"2/1/20",109.98,"2/5/20",1397.39,NA,NA,NA,NA,NA,NA,NA,NA,NA,"2/9/20",8247.77,NA,NA,NA,NA,NA,0,NA,NA,NA,0,0,NA,NA,NA,NA,25,0,NA,29,32,36,NA,NA,NA,0,40,0,NA,0,0,4,7,11,15,NA,NA,NA,NA,0,0,15,8247.77,"wand"
134,"control",30,"10","1/25/20",NA,NA,NA,NA,"1/29/20",68.85,"1/31/20",231.08,"2/4/20",1460.73,NA,NA,NA,NA,NA,NA,NA,NA,NA,"2/9/20",7811.3,NA,NA,NA,NA,NA,0,NA,NA,NA,0,0,NA,NA,"did not shed fully at molt to 5th, removed cuticle from 4th-6th prolegs",NA,25,0,NA,29,31,35,NA,NA,NA,0,40,0,NA,0,0,4,6,10,15,NA,NA,NA,NA,0,0,15,7811.3,"wand"
135,"para",30,"0","1/25/20",NA,"1/29/20",1,NA,"1/29/20",58.38,"2/2/20",207.01,"2/16/20",583.89,NA,NA,NA,NA,NA,NA,"2/21/20",695.85,NA,NA,NA,NA,NA,NA,NA,NA,0,NA,NA,NA,0,0,NA,NA,NA,NA,25,0,29,29,33,47,NA,NA,NA,52,0,0,NA,0,0,4,8,22,NA,NA,27,NA,NA,0,0,27,695.85,"cull"
136,"para",30,"10","1/25/20",NA,"1/29/20",1,NA,"1/29/20",66.07,"2/1/20",167.21,"2/5/20",1026.58,"2/12/20",4279.83,NA,NA,NA,NA,"2/15/20",4011.74,NA,NA,NA,NA,NA,NA,NA,NA,0,NA,NA,NA,0,0,NA,NA,"did not shed fully at molt to 5th, removed cuticle from all prolegs. close to death 2/15/20 so culled early",NA,25,0,29,29,32,36,43,NA,NA,46,0,0,NA,0,0,4,7,11,NA,NA,21,NA,NA,0,0,21,4011.74,"cull"
137,"control",30,"0","1/26/20",NA,NA,NA,NA,"1/29/20",47.1,"1/31/20",193.69,"2/3/20",2944.59,NA,NA,NA,NA,NA,NA,NA,NA,NA,"2/5/20",8943.84,NA,NA,NA,NA,NA,0,NA,NA,NA,0,0,NA,NA,NA,NA,26,0,NA,29,31,34,NA,NA,NA,0,36,0,NA,0,0,3,5,8,10,NA,NA,NA,NA,0,0,10,8943.84,"wand"
138,"control",30,"10","1/26/20",NA,NA,NA,NA,"1/29/20",47.34,"2/1/20",136.8,"2/7/20",1066.7,NA,NA,NA,NA,NA,NA,NA,NA,NA,"2/16/20",6481.8,NA,NA,NA,NA,NA,0,NA,NA,NA,0,0,NA,NA,"did not shed fully at molt to 5th. cuticle removed from 4th-6th prolegs 4 days after molt to 5th 2/11/20",NA,26,0,NA,29,32,38,NA,NA,NA,0,47,0,NA,0,0,3,6,12,21,NA,NA,NA,NA,0,0,21,6481.8,"wand"
139,"para",30,"0","1/26/20",NA,"1/29/20",2,NA,"1/29/20",44.68,"2/1/20",123.04,"2/5/20",1156.64,NA,NA,NA,NA,NA,NA,NA,NA,NA,NA,NA,"2/9/20",5,0,2831.43,"2/13/20",71,56,15,71,50,142,NA,1,"was left out at room temperature for 24 hours immediately after wasp emergence","12 immature 2nd instars counted in num unem. at least 2-3 1st instars found. some 2nd instars look stuck in their cuticle",26,0,29,29,32,36,NA,NA,NA,0,0,40,44,0,0,3,6,10,NA,14,NA,11,15,0.5,0.352112676056338,14,2831.43,"em"
140,"para",30,"10","1/26/20",NA,"1/29/20",2,NA,"1/29/20",52.73,"2/2/20",170.33,"2/6/20",1016.5,"2/13/20",5985.67,"2/20/20",7963.78,"2/27/20",8201.68,"2/27/20",8201.68,NA,NA,NA,NA,NA,NA,NA,NA,0,NA,NA,NA,0,0,NA,NA,"did not shed fully at molt to 5th, removed cuticle from all prolegs",NA,26,0,29,29,33,37,44,51,58,58,0,0,NA,0,0,3,7,11,NA,NA,32,NA,NA,0,0,32,8201.68,"cull"
141,"control",30,"0","1/26/20",NA,NA,NA,NA,"1/29/20",54.56,"2/1/20",367.32,"2/4/20",1758.95,NA,NA,NA,NA,NA,NA,NA,NA,NA,"2/8/20",12684.45,NA,NA,NA,NA,NA,0,NA,NA,NA,0,0,NA,NA,NA,NA,26,0,NA,29,32,35,NA,NA,NA,0,39,0,NA,0,0,3,6,9,13,NA,NA,NA,NA,0,0,13,12684.45,"wand"
142,"control",30,"10","1/26/20",NA,NA,NA,NA,"1/29/20",43.88,"2/1/20",104.87,"2/5/20",454.76,NA,NA,NA,NA,NA,NA,NA,NA,NA,"2/17/20",6580.15,NA,NA,NA,NA,NA,0,NA,NA,NA,0,0,NA,NA,"did not shed fully at molt to 5th, removed cuticle from 4th-6th prolegs. molted to 6th 2/10/20. Mass: 1500.85. removed cuticle from all prolegs at molt to 6th",NA,26,0,NA,29,32,36,NA,NA,NA,0,48,0,NA,0,0,3,6,10,22,NA,NA,NA,NA,0,0,22,6580.15,"wand"
143,"para",30,"0","1/26/20",NA,"1/29/20",3,NA,"1/29/20",50.23,"2/2/20",157.22,"2/6/20",1978.36,NA,NA,NA,NA,NA,NA,NA,NA,NA,NA,NA,"2/10/20",5,0,3886.85,"2/14/20",101,68,33,103,45,204,NA,NA,NA,"12 immature 2nds counted in num unem. some 2d instars look stuck in their cuticle",26,0,29,29,33,37,NA,NA,NA,0,0,41,45,0,0,3,7,11,NA,15,NA,12,16,0.495098039215686,0.220588235294118,15,3886.85,"em"
145,"control",30,"0","1/26/20",NA,NA,NA,NA,"1/29/20",39.69,"2/1/20",392.38,"2/4/20",2150.85,NA,NA,NA,NA,NA,NA,NA,NA,NA,"2/7/20",9070.8,NA,NA,NA,NA,NA,0,NA,NA,NA,0,0,NA,NA,NA,NA,26,0,NA,29,32,35,NA,NA,NA,0,38,0,NA,0,0,3,6,9,12,NA,NA,NA,NA,0,0,12,9070.8,"wand"
146,"control",30,"10","1/26/20",NA,NA,NA,NA,"1/29/20",49.95,"2/1/20",147.56,"2/7/20",900.13,NA,NA,NA,NA,NA,NA,NA,NA,NA,"2/16/20",6658.26,NA,NA,NA,NA,NA,0,NA,NA,NA,0,0,NA,NA,"did not shed fully at molt to 5th. cuticle removed from 4th-6th prolegs 4 days after molt to 5th 2/11/20",NA,26,0,NA,29,32,38,NA,NA,NA,0,47,0,NA,0,0,3,6,12,21,NA,NA,NA,NA,0,0,21,6658.26,"wand"
147,"para",30,"0","1/26/20",NA,"1/29/20",1,NA,"1/29/20",47.01,"2/1/20",145.21,"2/5/20",1524.88,NA,NA,NA,NA,NA,NA,NA,NA,NA,NA,NA,"2/9/20",5,0,3327.62,"2/14/20",78,55,23,96,44,174,NA,1,"was left out at room temperature for 24 hours immediately after wasp emergence","17 immature 2nd instars, counted in num unem. even mature 2nds looked small and underdeveloped. some 2nd instars looked stuck in cuticle",26,0,29,29,32,36,NA,NA,NA,0,0,40,45,0,0,3,6,10,NA,14,NA,11,16,0.448275862068966,0.252873563218391,14,3327.62,"em"
149,"control",30,"0","1/26/20",NA,NA,NA,NA,"1/29/20",47.63,"1/31/20",197.13,"2/3/20",3119.87,NA,NA,NA,NA,NA,NA,NA,NA,NA,"2/6/20",10976.42,NA,NA,NA,NA,NA,0,NA,NA,NA,0,0,NA,NA,NA,NA,26,0,NA,29,31,34,NA,NA,NA,0,37,0,NA,0,0,3,5,8,11,NA,NA,NA,NA,0,0,11,10976.42,"wand"
150,"control",30,"10","1/26/20",NA,NA,NA,NA,"1/29/20",41.71,"2/1/20",261.23,"2/5/20",1758.31,NA,NA,NA,NA,NA,NA,NA,NA,NA,"2/11/20",5252.7,NA,NA,NA,NA,NA,0,NA,NA,NA,0,0,NA,NA,"did not shed fully at molt to 5th, removed cuticle from 4th-6th prolegs",NA,26,0,NA,29,32,36,NA,NA,NA,0,42,0,NA,0,0,3,6,10,16,NA,NA,NA,NA,0,0,16,5252.7,"wand"
151,"para",30,"0","1/26/20",NA,"1/29/20",1,NA,"1/29/20",51.74,"2/2/20",151.88,NA,NA,NA,NA,NA,NA,NA,NA,NA,NA,NA,NA,NA,"2/7/20",4,0,774.52,"2/11/20",40,38,2,10,34,50,NA,NA,NA,"4 immature 2nds counted in num unem. a few large mel plaques found",26,0,29,29,33,NA,NA,NA,NA,0,0,38,42,0,NA,3,7,NA,NA,12,NA,9,13,0.8,0.68,12,774.52,"em"
153,"control",30,"0","1/26/20",NA,NA,NA,NA,"1/29/20",44.58,"1/31/20",187.11,"2/4/20",1876.17,NA,NA,NA,NA,NA,NA,NA,NA,NA,"2/7/20",10732.6,NA,NA,NA,NA,NA,0,NA,NA,NA,0,0,NA,NA,"head capsule damaged at weighing at 3rd",NA,26,0,NA,29,31,35,NA,NA,NA,0,38,0,NA,0,0,3,5,9,12,NA,NA,NA,NA,0,0,12,10732.6,"wand"
154,"control",30,"10","1/26/20",NA,NA,NA,NA,"1/29/20",44.11,"2/1/20",169.44,"2/5/20",1368.01,NA,NA,NA,NA,NA,NA,NA,NA,NA,"2/10/20",7810.52,NA,NA,NA,NA,NA,0,NA,NA,NA,0,0,NA,NA,"did not shed fully at molt to 5th, removed cuticle from 4th-6th prolegs",NA,26,0,NA,29,32,36,NA,NA,NA,0,41,0,NA,0,0,3,6,10,15,NA,NA,NA,NA,0,0,15,7810.52,"wand"
155,"para",30,"0","1/26/20",NA,"1/29/20",1,NA,"1/29/20",44.7,"2/3/20",242.12,NA,NA,NA,NA,NA,NA,NA,NA,NA,NA,NA,NA,NA,"2/7/20",4,0,756.78,"2/11/20",39,36,3,13,30,52,NA,NA,NA,"3 immature 2nds, counted in num unem",26,0,29,29,34,NA,NA,NA,NA,0,0,38,42,0,NA,3,8,NA,NA,12,NA,9,13,0.75,0.576923076923077,12,756.78,"em"
156,"para",30,"10","1/26/20",NA,"1/29/20",1,NA,"1/29/20",52.17,"2/2/20",232.91,"2/10/20",1016.27,"2/17/20",1102.21,NA,NA,NA,NA,"2/17/20",1102.21,NA,NA,NA,NA,NA,NA,NA,NA,0,NA,NA,NA,0,0,NA,NA,"did not molt well to 5th, bled. removed cuticle from 4th-6th prolegs at molt to 5th. close to death on p5.1, so culled. frozen for dissection",NA,26,0,29,29,33,41,48,NA,NA,48,0,0,NA,0,0,3,7,15,NA,NA,22,NA,NA,0,0,22,1102.21,"cull"
157,"para",30,"0","1/26/20",NA,"1/29/20",1,NA,"1/29/20",46.09,"2/3/20",226.16,NA,NA,NA,NA,NA,NA,NA,NA,NA,NA,NA,NA,NA,"2/8/20",4,0,875.58,"2/12/20",29,19,10,18,14,47,NA,1,"was left out at room temperature for 24 hours 1 day after wasp emergence","1 immature 2nd counted in num unem. some 2nd instars look stuck in their cuticle. 1 distinct mel plaque found",26,0,29,29,34,NA,NA,NA,NA,0,0,39,43,0,NA,3,8,NA,NA,13,NA,10,14,0.617021276595745,0.297872340425532,13,875.58,"em"
160,"para",30,"0","1/26/20",NA,"1/29/20",1,NA,"1/29/20",44.03,"2/2/20",185.42,NA,NA,NA,NA,NA,NA,NA,NA,NA,NA,NA,NA,NA,"2/7/20",4,0,1153.19,"2/11/20",57,54,3,16,53,73,NA,NA,NA,"4 immature 2nd instars, counted in num unem.",26,0,29,29,33,NA,NA,NA,NA,0,0,38,42,0,NA,3,7,NA,NA,12,NA,9,13,0.780821917808219,0.726027397260274,12,1153.19,"em"
161,"control",30,"0","1/26/20",NA,NA,NA,NA,"1/29/20",47.48,"1/31/20",184.93,"2/4/20",2376.17,NA,NA,NA,NA,NA,NA,NA,NA,NA,"2/7/20",14482.4,NA,NA,NA,NA,NA,0,NA,NA,NA,0,0,NA,NA,NA,NA,26,0,NA,29,31,35,NA,NA,NA,0,38,0,NA,0,0,3,5,9,12,NA,NA,NA,NA,0,0,12,14482.4,"wand"
162,"control",30,"10","1/26/20",NA,NA,NA,NA,"1/29/20",43.49,"2/1/20",166.45,"2/8/20",1314.45,NA,NA,NA,NA,NA,NA,NA,NA,NA,"2/15/20",8198.23,NA,NA,NA,NA,NA,0,NA,NA,NA,0,0,NA,NA,"did not shed fully at molt to 5th. cuticle removed from 4th-6th prolegs 4 days after molt to 5th 2/11/20",NA,26,0,NA,29,32,39,NA,NA,NA,0,46,0,NA,0,0,3,6,13,20,NA,NA,NA,NA,0,0,20,8198.23,"wand"
163,"para",30,"0","1/26/20",NA,"1/29/20",1,NA,"1/29/20",46.1,"2/2/20",130.44,"2/6/20",974.6,NA,NA,NA,NA,NA,NA,NA,NA,NA,NA,NA,"2/10/20",5,0,2726.57,"2/14/20",106,75,31,16,61,122,NA,NA,NA,"2 immature 2nds, counted in num unem. some 2nd instars look stuck in cuticle",26,0,29,29,33,37,NA,NA,NA,0,0,41,45,0,0,3,7,11,NA,15,NA,12,16,0.868852459016393,0.5,15,2726.57,"em"
164,"control",30,"0","1/26/20",NA,NA,NA,NA,"1/29/20",45.26,"2/1/20",367.93,"2/5/20",1061.14,NA,NA,NA,NA,NA,NA,NA,NA,NA,"2/11/20",9142.86,NA,NA,NA,NA,NA,0,NA,NA,NA,0,0,NA,NA,NA,NA,26,0,NA,29,32,36,NA,NA,NA,0,42,0,NA,0,0,3,6,10,16,NA,NA,NA,NA,0,0,16,9142.86,"wand"
165,"control",30,"10","1/26/20",NA,NA,NA,NA,"1/29/20",35.62,"2/1/20",361.64,"2/4/20",1138.36,NA,NA,NA,NA,NA,NA,NA,NA,NA,"2/9/20",8050.5,NA,NA,NA,NA,NA,0,NA,NA,NA,0,0,NA,NA,"did not shed fully at molt to 5th, removed cuticle from 4th-6th prolegs",NA,26,0,NA,29,32,35,NA,NA,NA,0,40,0,NA,0,0,3,6,9,14,NA,NA,NA,NA,0,0,14,8050.5,"wand"
166,"para",30,"0","1/26/20",NA,"1/29/20",1,NA,"1/29/20",40.61,"2/2/20",180.91,NA,NA,NA,NA,NA,NA,NA,NA,NA,NA,NA,NA,NA,"2/7/20",4,1,919.93,"2/11/20",26,22,4,12,16,38,NA,NA,"ovp and put in chamber around 12pm","1 immature 2nd counted in num unem",26,0,29,29,33,NA,NA,NA,NA,0,0,38,42,0,NA,3,7,NA,NA,12,NA,9,13,0.684210526315789,0.421052631578947,12,919.93,"em"
167,"para",30,"10","1/26/20",NA,"1/29/20",1,NA,"1/29/20",41.12,"2/4/20",353.07,"2/7/20",918.62,"2/14/20",4721.27,"2/21/20",15107.31,"2/28/20",18904.43,"2/28/20",18904.43,NA,NA,NA,NA,NA,NA,NA,NA,0,NA,NA,NA,0,0,NA,NA,"ovp and put in chamber around 12pm. did not shed fully at molt to 5th, cuticle removed from 4th-6th prolegs 3 days after molt to 5th (2/10/20). molted to 6th on date_p5.1. did not shed fully at molt to 6th, removed cuticle from 4th-6th prolegs",NA,26,0,29,29,35,38,45,52,59,59,0,0,NA,0,0,3,9,12,NA,NA,33,NA,NA,0,0,33,18904.43,"cull"
168,"control",30,"0","1/26/20",NA,NA,NA,NA,"1/29/20",34.82,"2/1/20",371.58,"2/4/20",2964.82,NA,NA,NA,NA,NA,NA,NA,NA,NA,"2/7/20",12457.5,NA,NA,NA,NA,NA,0,NA,NA,NA,0,0,NA,NA,NA,NA,26,0,NA,29,32,35,NA,NA,NA,0,38,0,NA,0,0,3,6,9,12,NA,NA,NA,NA,0,0,12,12457.5,"wand"
169,"control",30,"10","1/26/20",NA,NA,NA,NA,"1/29/20",44.44,"2/1/20",203.86,"2/5/20",1462.56,NA,NA,NA,NA,NA,NA,NA,NA,NA,"2/10/20",6340.18,NA,NA,NA,NA,NA,0,NA,NA,NA,0,0,NA,NA,"did not shed fully at molt to 5th, removed cuticle from 4th-6th prolegs",NA,26,0,NA,29,32,36,NA,NA,NA,0,41,0,NA,0,0,3,6,10,15,NA,NA,NA,NA,0,0,15,6340.18,"wand"
170,"para",30,"0","1/26/20",NA,"1/29/20",1,NA,"1/29/20",41.19,"2/1/20",456.8,"2/4/20",2979.12,NA,NA,NA,NA,NA,NA,NA,NA,NA,"2/7/20",9632.12,NA,NA,NA,NA,NA,0,NA,NA,NA,0,0,NA,NA,"ovp and put in chamber around 12pm",NA,26,0,29,29,32,35,NA,NA,NA,0,38,0,NA,0,0,3,6,9,12,NA,NA,NA,NA,0,0,12,9632.12,"wand"
171,"para",30,"10","1/26/20",NA,"1/29/20",1,NA,"1/29/20",39.59,"2/1/20",110.02,"2/5/20",428.36,"2/12/20",1809.51,"2/19/20",7342.94,"2/26/20",9560.21,"2/26/20",9560.21,NA,NA,NA,NA,NA,NA,NA,NA,0,NA,NA,NA,0,0,NA,NA,"ovp and put in chamber around 12pmdid not shed fully at molt to 5th, removed cuticle from all prolegs. molted to 6th 2/12/20. Mass: 1809.51. did not shed fully at molt to 6th, removed cuticle from 4th-6th prolegs",NA,26,0,29,29,32,36,43,50,57,57,0,0,NA,0,0,3,6,10,NA,NA,31,NA,NA,0,0,31,9560.21,"cull"
172,"control",30,"0","1/26/20",NA,NA,NA,NA,"1/29/20",54.37,"1/31/20",213.87,"2/4/20",3439.24,NA,NA,NA,NA,NA,NA,NA,NA,NA,"2/7/20",12411.5,NA,NA,NA,NA,NA,0,NA,NA,NA,0,0,NA,NA,NA,NA,26,0,NA,29,31,35,NA,NA,NA,0,38,0,NA,0,0,3,5,9,12,NA,NA,NA,NA,0,0,12,12411.5,"wand"
173,"control",30,"10","1/26/20",NA,NA,NA,NA,"1/29/20",45.57,"2/1/20",178.66,"2/6/20",1448.59,NA,NA,NA,NA,NA,NA,NA,NA,NA,"2/12/20",8548.58,NA,NA,NA,NA,NA,0,NA,NA,NA,0,0,NA,NA,"did not shed fully at molt to 5th, removed cuticle from 4th-6th prolegs",NA,26,0,NA,29,32,37,NA,NA,NA,0,43,0,NA,0,0,3,6,11,17,NA,NA,NA,NA,0,0,17,8548.58,"wand"
174,"para",30,"0","1/26/20",NA,"1/29/20",1,NA,"1/29/20",46.86,"2/2/20",225.06,"2/6/20",2444.37,NA,NA,NA,NA,NA,NA,NA,NA,NA,NA,NA,"2/9/20",5,0,3895.35,"2/14/20",71,46,25,33,35,104,NA,1,"ovp and put in chamber around 12pm. was left out at room temperature for 24 hours immediately after wasp emergence","3 immature 2nds, counted in num unem. some 2nd instars looked stuck in their cuticle",26,0,29,29,33,37,NA,NA,NA,0,0,40,45,0,0,3,7,11,NA,14,NA,11,16,0.682692307692308,0.336538461538462,14,3895.35,"em"
175,"para",30,"10","1/26/20",NA,"1/29/20",1,NA,"1/29/20",47.06,"2/2/20",216.34,"2/6/20",1309.16,"2/13/20",8968.37,"2/20/20",7211.92,NA,NA,NA,NA,NA,"2/20/20",7211.92,NA,NA,NA,NA,NA,0,NA,NA,NA,0,0,NA,NA,"ovp and put in chamber around 12pm. did not shed fully at molt to 5th, removed cuticle from 4th-6th prolegs. wandered on date p5.2. put in pupae box to see if it pupates. failed to pupate properly, larval pupal intermediate",NA,26,0,29,29,33,37,44,51,NA,0,51,0,NA,0,0,3,7,11,25,NA,NA,NA,NA,0,0,25,7211.92,"wand"
176,"control",30,"0","1/26/20",NA,NA,NA,NA,"1/29/20",44.26,"1/31/20",177.1,"2/4/20",4243.81,NA,NA,NA,NA,NA,NA,NA,NA,NA,"2/7/20",12985.8,NA,NA,NA,NA,NA,0,NA,NA,NA,0,0,NA,NA,NA,NA,26,0,NA,29,31,35,NA,NA,NA,0,38,0,NA,0,0,3,5,9,12,NA,NA,NA,NA,0,0,12,12985.8,"wand"
177,"control",30,"10","1/26/20",NA,NA,NA,NA,"1/29/20",35.51,"2/1/20",236.18,"2/5/20",989.11,NA,NA,NA,NA,NA,NA,NA,NA,NA,"2/11/20",7549.71,NA,NA,NA,NA,NA,0,NA,NA,NA,0,0,NA,NA,"did not shed fully at molt to 5th, removed cuticle from 4th-6th prolegs",NA,26,0,NA,29,32,36,NA,NA,NA,0,42,0,NA,0,0,3,6,10,16,NA,NA,NA,NA,0,0,16,7549.71,"wand"
178,"para",30,"0","1/26/20",NA,"1/29/20",2,NA,"1/29/20",48.69,"2/3/20",219.63,"2/6/20",804.46,NA,NA,NA,NA,NA,NA,NA,NA,NA,NA,NA,"2/9/20",5,0,1565.84,"2/14/20",45,36,9,7,31,52,NA,1,"ovp and put in chamber around 12pm. was left out at room temperature for 24 hours immediately after wasp emergence","no immature 2nds",26,0,29,29,34,37,NA,NA,NA,0,0,40,45,0,0,3,8,11,NA,14,NA,11,16,0.865384615384615,0.596153846153846,14,1565.84,"em"
179,"para",30,"10","1/26/20",NA,"1/29/20",1,NA,"1/29/20",42.23,"2/1/20",163.3,"2/5/20",832.76,"2/12/20",3371.42,"2/19/20",2991.32,NA,NA,"2/20/20",2787.28,NA,NA,NA,NA,NA,NA,NA,NA,0,NA,NA,NA,0,0,NA,NA,"ovp and put in chamber around 12pm. close to death on 2/20/20, culled early. frozen for dissection",NA,26,0,29,29,32,36,43,50,NA,51,0,0,NA,0,0,3,6,10,NA,NA,25,NA,NA,0,0,25,2787.28,"cull"
180,"para",30,"10","1/26/20",NA,"1/29/20",1,NA,"1/29/20",43.31,"2/2/20",280.64,"2/7/20",2046.94,"2/14/20",12957.27,"2/21/20",9982.47,NA,NA,NA,NA,NA,"2/22/20",9656.83,NA,NA,NA,NA,NA,0,NA,NA,NA,0,0,NA,NA,"ovp and put in chamber around 12pm. wandered 2/22/20. massed and frozen for testing. looked like some anal prolapse happening",NA,26,0,29,29,33,38,45,52,NA,0,53,0,NA,0,0,3,7,12,27,NA,NA,NA,NA,0,0,27,9656.83,"wand"
181,"control",30,"0","1/26/20",NA,NA,NA,NA,"1/29/20",40.37,"1/31/20",158.86,"2/4/20",4461.34,NA,NA,NA,NA,NA,NA,NA,NA,NA,"2/7/20",12873.6,NA,NA,NA,NA,NA,0,NA,NA,NA,0,0,NA,NA,NA,NA,26,0,NA,29,31,35,NA,NA,NA,0,38,0,NA,0,0,3,5,9,12,NA,NA,NA,NA,0,0,12,12873.6,"wand"
182,"control",30,"10","1/26/20",NA,NA,NA,NA,"1/29/20",43.14,"2/1/20",187.24,"2/5/20",1170.85,NA,NA,NA,NA,NA,NA,NA,NA,NA,"2/10/20",6406.41,NA,NA,NA,NA,NA,0,NA,NA,NA,0,0,NA,NA,"did not shed fully at molt to 5th, removed cuticle from 4th-6th prolegs",NA,26,0,NA,29,32,36,NA,NA,NA,0,41,0,NA,0,0,3,6,10,15,NA,NA,NA,NA,0,0,15,6406.41,"wand"
183,"control",30,"0","1/26/20",NA,NA,NA,NA,"1/29/20",42.58,"2/1/20",761.8,"2/4/20",3838.28,NA,NA,NA,NA,NA,NA,NA,NA,NA,"2/7/20",12956.7,NA,NA,NA,NA,NA,0,NA,NA,NA,0,0,NA,NA,NA,NA,26,0,NA,29,32,35,NA,NA,NA,0,38,0,NA,0,0,3,6,9,12,NA,NA,NA,NA,0,0,12,12956.7,"wand"
184,"control",30,"10","1/26/20",NA,NA,NA,NA,"1/29/20",52.63,"2/1/20",162.57,"2/6/20",1189.92,NA,NA,NA,NA,NA,NA,NA,NA,NA,"2/14/20",5655.54,NA,NA,NA,NA,NA,0,NA,NA,NA,0,0,NA,NA,"did not shed fully at molt to 5th, removed cuticle from 4th-6th prolegs",NA,26,0,NA,29,32,37,NA,NA,NA,0,45,0,NA,0,0,3,6,11,19,NA,NA,NA,NA,0,0,19,5655.54,"wand"
187,"para",30,"0","1/26/20",NA,"1/29/20",2,NA,"1/29/20",43.04,"2/3/20",247.11,NA,NA,NA,NA,NA,NA,NA,NA,NA,NA,NA,NA,NA,"2/7/20",4,1,552.96,"2/11/20",39,35,4,14,28,53,NA,NA,"ovp and put in chamber around 12pm","3 immature 2nds counted in num unem",26,0,29,29,34,NA,NA,NA,NA,0,0,38,42,0,NA,3,8,NA,NA,12,NA,9,13,0.735849056603774,0.528301886792453,12,552.96,"em"
188,"para",30,"10","1/26/20",NA,"1/29/20",1,NA,"1/29/20",46.21,"2/2/20",112.87,"2/8/20",1222.3,"2/15/20",8340.89,"2/22/20",9214.97,NA,NA,NA,NA,NA,"2/28/20",7046.84,NA,NA,NA,NA,NA,0,NA,NA,NA,0,0,NA,NA,"ovp and put in chamber around 12pm. wandered 2/28/20. put in pupae box to see if it pupates",NA,26,0,29,29,33,39,46,53,NA,0,59,0,NA,0,0,3,7,13,33,NA,NA,NA,NA,0,0,33,7046.84,"wand"
189,"para",30,"0","1/26/20",NA,"1/29/20",3,NA,"1/29/20",41.93,"2/1/20",354.6,"2/4/20",1612.53,NA,NA,NA,NA,NA,NA,NA,NA,NA,NA,NA,"2/8/20",5,0,4212.39,"2/13/20",126,115,11,142,95,268,NA,1,"ovp and put in chamber around 12pm. was left out at room temperature for 24 hours 1 day after wasp emergence","46 immature 2nds counted in num unem. some 2nd instars look stuck in their cuticle",26,0,29,29,32,35,NA,NA,NA,0,0,39,44,0,0,3,6,9,NA,13,NA,10,15,0.470149253731343,0.354477611940299,13,4212.39,"em"
